city,outlet,headline_uk,link,published,quote_uk,category,status,provenance,provenance_detail_uk,run
Kyiv,Інтерфакс-Україна,Акція на підтримку Федорова у Києві,https://interfax.com.ua/news/general/1185431.html,"16.07, 12:01 (мод. 12:41)",«захід зібрав близько двох тисяч учасників. Це переважно молодь… Половина учасників – жінки»,1000–4999,took place,own correspondent,власний кореспондент,13:00
Kyiv,Kyiv Post,Protest in Kyiv over Fedorov dismissal,https://www.kyivpost.com/post/80372,"16.07, 10:42",«Several thousand people assembled in the square outside the theater»,1000–4999,took place,own correspondent,власний кореспондент,13:00
Kyiv,AFP (через Arab News),Ukrainians protest defence minister's removal,https://www.arabnews.com/node/2651116/world,"16.07, ~10:53",«AFP reporters in Kyiv saw more than a thousand people gathered on a central square»,1000–4999,took place,own correspondent,власні репортери AFP,13:00
Kyiv,Rubryka (через Gazeta.ua),"""Вово, що ти робиш?"": у Києві та інших містах України мітинги проти звільнення Федорова",https://gazeta.ua/articles/life/_vovo-scho-ti-robish-u-kiyevi-ta-inshih-mistah-ukrayini-mitingi-proti-zvilnennya-fedorova/1254708,16.07,«у столиці нарахували про 1400 учасників»,1000–4999,took place,own correspondent,підрахунок Rubryka,13:00
Kyiv,LB.ua,У Києві на площі Франка зібрався мітинг проти звільнення Федорова з посади міністра оборони,https://lb.ua/society/2026/07/16/752264_kiievi_ploschi_franka_zibravsya.html,"16.07, 09:14 (мод. 11:27)","«Початок акції був запланований на 9:01, за попередньою оцінкою, прийшла понад тисяча людей»",1000–4999,took place,own correspondent,власна кореспондентка LB (Ірина Лисогор),13:00
Kyiv,Українська правда,У Києві та низці інших міст вимагають лишити Федорова міністром оборони,https://www.pravda.com.ua/news/2026/07/16/8044330/,"16.07, 09:27",«щонайменше кілька сотень людей»,100–999,took place,own correspondent,власні кор. «УП» з місця події,13:00
Kyiv,Суспільне (нац.),«Не звільняйте Федорова»: у Києві та регіонах збираються мирні акції,https://suspilne.media/1356356-u-kievi-zbirautsa-na-kartonkovij-protest-na-pidtrimku-fedorova/,"16.07, 09:14 (онов. 11:41)","«На місці вже перебувають сотні людей, більшість із них — молодь»",100–999,took place,own correspondent,кор. з місця події,13:00
Kyiv,ТСН,"«Совок — на пенсію»: відставка Федорова викликала протести по всій Україні, вийшли тисячі людей — онлайн",https://tsn.ua/ukrayina/syrskomu-ye-zamina-u-kyyevi-i-lvovi-spalakhnuly-protesty-proty-zvilnennia-fedorova-onlayn-foto-video-3128690.html,"16.07, 09:31",«на мітинг зібралися сотні людей»  заголовок каже «тисячі» — у тілі цього немає,100–999,took place,own correspondent,кореспондент ТСН,13:00
Kyiv,РБК-Україна,Під театром Франка у Києві мітинг через відставку Федорова: що відбувається,https://www.rbc.ua/rus/news/pid-teatrom-franka-kievi-miting-cherez-vidstavku-1784182983.html,"16.07, 09:23 (мод. 11:11)","«за словами журналістів, зібралось кілька сотень людей»",100–999,took place,relay,ретрансляція Суспільного,13:00
Kyiv,ZAXID.NET,Українці вийшли на мітинги проти відставки Михайла Федорова,https://zaxid.net/ukrayintsi_viyshli_na_mitingi_proti_vidstavki_mihayla_fedorova_z_posadi_ministra_oboroni_n1641668,"16.07, 10:12",«на площі Івана Франка на акцію підтримки вийшли сотні людей»,100–999,took place,not stated,не вказано,13:00
Kyiv,Детектор медіа,У Києві та інших містах розпочались акції протесту… (ФОТО),https://detector.media/infospace/article/251237/2026-07-16-u-kyievi-ta-inshykh-mistakh-rozpochalys-aktsii-protestu-proty-zvilnennya-mykhayla-fedorova-z-posady-ministra-oborony-foto/,"16.07, 09:40","«кілька сотень людей, більшість із них — молодь»",100–999,took place,relay,ретрансляція Суспільного,13:00
Kyiv,AP (через US News),Ukrainians protest Zelenskyy's ouster of defence minister,https://www.usnews.com/news/business/articles/2026-07-16/protesters-rally-in-kyiv-as-zelenskyy-moves-to-oust-ukraines-defense-minister,"16.07, 11:23",«drawing thousands into the streets Thursday across Ukraine»,unknown,took place,own correspondent,AP — національна оцінка (не київська цифра),13:00
Kyiv,NV (лайв-блог),Звільнення Михайла Федорова… «картонкові протести» — онлайн,https://nv.ua/ukr/ukraine/politics/vidstavka-mihayla-fedorova-prizvela-do-kritiki-i-zaklikiv-do-kartonkovih-protestiv-novini-ukrajini-50624683.html,"16.07, лайв 09:14→12:47",цифри немає: «Протестувальники в Києві вщент заповнили площу і сквер біля театру ім. Франка» (11:01),unknown,took place,own correspondent,"Суспільне, нардеп Железняк, кор. NV Т. Безрук, Reuters (фото)",13:00
Kyiv,Главком,Картонковий майдан повертається?,https://glavcom.ua/country/incidents/kartonkovij-majdan-povertajetsja-fanati-fedorova-zbirajutsja-u-riznikh-mistakh-ukrajini-foto-1131411.html,"16.07, 09:34",невідомо,unknown,took place,not stated,не вказано,13:00
Kyiv,24 Канал,У Києві та багатьох містах відбуваються мітинги проти відставки Федорова,https://24tv.ua/kiyevi-bagatoh-mistah-pochalisya-mitingi-proti-vidstavki-fedorova_n3106551,"16.07, 10:35 (онов. 11:38)",невідомо,unknown,took place,not stated,не вказано,13:00
Kharkiv,Суспільне Харків,«Головна причина – відставка Федорова»: у Харкові проходить акція протесту,https://suspilne.media/kharkiv/1356358-golovna-pricina-vidstavka-fedorova-u-harkovi-prohodit-akcia-protestu-proti-zvilnenna-ministra-oboroni/,"16.07, 10:27 (онов. 12:10)","«Участь в акції прийняли близько 200 людей, повідомила Суспільному речниця поліції Харківщини Людмила Прокопенко»",100–999,took place,police,оцінка поліції ← найнадійніше,13:00
Kharkiv,MediaPort,«У ретроградний Меркурій міністрів не міняють»: у Харкові стартувала акція на підтримку Федорова,https://mediaport.ua/u-retrohradnyy-merkuriy-ministriv-ne-miniaiut-u-kharkovi-startuvala-aktsiia-na-pidtrymku-fedorova/,"16.07, 10:12 (онов. 11:08)","«За оцінками кореспондента, спочатку людей було близько 100, але за пів години їх побільшало орієнтовно до 300»",100–999,took place,own correspondent,власний кореспондент,13:00
Kharkiv,Суспільне (нац.),(зведення),https://suspilne.media/1356356-u-kievi-zbirautsa-na-kartonkovij-protest-na-pidtrimku-fedorova/,"16.07, онов. 11:41",«Щонайменше 300 людей зібралися на площі Свободи»  застаріла — регіоналка дає 200 (поліція),100–999,took place,relay,застаріле дзеркало регіоналки,13:00
Kharkiv,2day.kh.ua (Kharkiv Today),"""Федоров back"". Харків'яни вийшли на мітинг на підтримку ексміністра оборони",https://2day.kh.ua/ua/kharkow/fedorov-back-kharkivyany-vyyshly-na-mitynh-na-pidtrymku-eksministra-oborony,"16.07, 09:24 (онов. 09:49)","«У саду Шевченка збираються десятки людей, переважно молодь» + «Люди продовжують підходити»  ранній зріз",<100,took place,own correspondent,власне видання,13:00
Kharkiv,2day.kh.ua,"Харків'яни готові стояти на ""Федоров back"" до голосування у ВР",https://2day.kh.ua/ua/kharkow/kharkivyany-hotovi-stoyaty-na-fedorov-back-do-holosuvannya-u-vr,"16.07, 11:27 (онов. 12:02)","«З дев'ятої години ранку люди мітингують біля станції метро ""Університет""»",unknown,took place,own correspondent,власне видання,13:00
Kharkiv,Накипіло,У Харкові розпочався мітинг проти відставки Михайла Федорова,https://nakypilo.ua/novyny/u-kharkovi-rozpochavsia-mitynh-proty-vidstavky-mykhaila-fedorova/,"16.07, 09:40 / 11:20",невідомо,unknown,took place,own correspondent,власний фотограф,13:00
Kharkiv,057.ua,«Поверніть Федорова»: харків'яни вийшли на акцію підтримки міністра оборони,https://www.057.ua/news/4130778/povernit-fedorova-harkivani-vijsli-na-akciu-pidtrimki-ministra-oboroni,"16.07, 10:07",невідомо,unknown,took place,own correspondent,власне видання,13:00
Kharkiv,ZAXID.NET,(зведення),https://zaxid.net/ukrayintsi_viyshli_na_mitingi_proti_vidstavki_mihayla_fedorova_z_posadi_ministra_oboroni_n1641668,"16.07, 10:12","«У саду Шевченка на акцію зібралися десятки людей, переважно молодь»",<100,took place,relay,ретрансляція Kharkiv Today,13:00
Kharkiv,NV,«Найефективніший міністр оборони»…,https://nv.ua/ukr/ukraine/events/protesti-u-lvovi-odesi-harkovi-proti-vidstavki-fedorova-novini-ukrajini-16-lipnya-50624720.html,"16.07, 10:02",«У Харкові люди зібралися у саду Шевченка»,unknown,took place,relay,ретрансляція Kharkiv Today,13:00
Kharkiv,Censor.NET,"Кропивницький, Вінниця, Миколаїв, Одеса, Харків: українці вийшли на мітинги за Федорова",https://censor.net/ua/photonews/4013779/u-mistah-ukrayiny-prohodyat-aktsiyi-na-pidtrymku-fedorova,"16.07, 10:28",невідомо,unknown,took place,relay,ретрансляція з Telegram (Kharkiv Today),13:00
Dnipro,Суспільне Дніпро,Акція протесту в Дніпрі,https://suspilne.media/dnipro/1356304-vidstavka-fedorova-u-dnipri-mitinguut-proti-zmini-ministra-oboroni/,"16.07, 09:09 (онов. 12:23)","«На протест зібралися близько 300 людей, їхня кількість збільшується» ← найсвіжіша",100–999,took place,own correspondent,власний кор.,13:00
Dnipro,NV (лайв),(лайв-блог),https://nv.ua/ukr/ukraine/politics/vidstavka-mihayla-fedorova-prizvela-do-kritiki-i-zaklikiv-do-kartonkovih-protestiv-novini-ukrajini-50624683.html,"16.07, 10:53",«У Дніпрі на акцію протесту вийшли кількасот людей»,100–999,took place,relay,Суспільне,13:00
Dnipro,ZAXID.NET,(зведення),https://zaxid.net/ukrayintsi_viyshli_na_mitingi_proti_vidstavki_mihayla_fedorova_z_posadi_ministra_oboroni_n1641668,"16.07, 10:12",«на мітинг зібралися близько сотні людей та кількість учасників зростає»,100–999,took place,relay,фото Суспільного,13:00
Dnipro,Главком,Картонковий майдан повертається?,https://glavcom.ua/country/incidents/kartonkovij-majdan-povertajetsja-fanati-fedorova-zbirajutsja-u-riznikh-mistakh-ukrajini-foto-1131411.html,"16.07, 09:34","«за даними «Суспільного», на початку акції зібралося близько ста людей, однак кількість учасників поступово збільшується»",100–999,took place,relay,Суспільне,13:00
Dnipro,Суспільне (нац.),(зведення),https://suspilne.media/1356356-u-kievi-zbirautsa-na-kartonkovij-protest-na-pidtrimku-fedorova/,"16.07, онов. 11:41","«близько 100 людей, проте їхня кількість збільшується»  застаріла",100–999,took place,relay,застаріле дзеркало,13:00
Dnipro,Nashemisto,Біля ОДА у Дніпрі відбувся захід проти відставки Михайла Федорова з посади міністра оборони,https://nashemisto.dp.ua/2026/07/16/bilia-oda-u-dnipri-vidbuvsia-zakhid-proty-vidstavky-mykhaila-fedorova-z-posady-ministra-oborony/,"16.07, 09:52",невідомо,unknown,took place,own correspondent,власне видання,13:00
Dnipro,056.ua,"Відставка Федорова: у Дніпрі, Кривому Розі та Києві пройшли акції протесту",https://www.056.ua/news/4130761/vidstavka-fedorova-u-dnipri-krivomu-rozi-ta-kievi-projsli-akcii-protestu,"16.07, 09:30",невідомо,unknown,took place,own correspondent,власне видання,13:00
Lviv,ZAXID.NET,Кілька сотень львів'ян вийшли на акцію у підтримку міністра оборони Михайла Федорова,https://zaxid.net/kilka_soten_lvivyan_viyshli_na_aktsiyu_u_pidtrimku_ministra_oboroni_mihayla_fedorova_n1641665,"16.07, 09:30 (онов. 12:01)",«біля пам'ятника Тарасові Шевченку в центрі Львова декілька сотень львів'ян зібралися на акцію»,100–999,took place,own correspondent,власний матеріал,13:00
Lviv,Високий Замок,—,https://wz.lviv.ua/news/555373,"16.07, 10:55","«Кілька сотень учасників, серед яких громадські активісти, волонтери та небайдужі містяни»",100–999,took place,relay,частково ретрансляція (фото Суспільне Львів),13:00
Lviv,Суспільне Львів,У Львові проходить акція проти звільнення Михайла Федорова з посади міністра оборони,https://suspilne.media/lviv/1356350-u-lvovi-prohodit-akcia-proti-zvilnenna-mihajla-fedorova-z-posadi-ministra-oboroni/,"16.07, 09:13",цифри в тілі немає,unknown,took place,own correspondent,кор. з місця події,13:00
Lviv,Гал-Інфо,У Львові проходить масштабна акція на підтримку Михайла Федорова,https://galinfo.com.ua/news/u_lvovi_prohodyt_masshtabna_aktsiya_na_pidtrymku_myhayla_fedorova_451142,"16.07, 10:06",жодної цифри  заголовок «масштабна» не підкріплено,unknown,took place,own correspondent,власне видання,13:00
Lviv,NV,«Найефективніший міністр оборони»…,https://nv.ua/ukr/ukraine/events/protesti-u-lvovi-odesi-harkovi-proti-vidstavki-fedorova-novini-ukrajini-16-lipnya-50624720.html,"16.07, 10:07",невідомо,unknown,took place,relay,Суспільне,13:00
Lviv,DailyLviv,Акція на підтримку Михайла Федорова розпочалася в центрі Львова,https://dailylviv.com/news/polityka/aktsiya-na-pidtrymku-mykhaila-fedorova-rozpochalasya-v-tsentri-lvova-150959,"16.07, 09:36",невідомо,unknown,took place,relay,дослівна ретрансляція Суспільного,13:00
Odesa,Суспільне Одеса,Акція в Одесі,https://suspilne.media/odesa/1356334-v-odesi-vidbuvaetsa-akcia-na-pidtrimku-zvilnenogo-ministra-oboroni-fedorova/,"16.07, 09:37 (онов. 12:09)","«Вони вийшли на Дерибасівську вулицю навпроти Міського саду… Акція протесту розпочалася близько 9:00 і тривала до 11:00… За словами кореспондента Суспільного, на неї прийшли понад сто людей»",100–999,took place,own correspondent,власний кор.,13:00
Odesa,Думська,«Сырского в сырники»: на Дерибасовской прошел митинг,https://dumskaya.net/news/syrskogo-v-syrniki-na-deribasovskoy-proshel-miti-191611/,"16.07, 11:32",«Сотни одесситов собрались на Дерибасовской»; «Большинство участников акции — молодые люди»,100–999,took place,own correspondent,власне видання,13:00
Odesa,NV,«Найефективніший міністр оборони»…,https://nv.ua/ukr/ukraine/events/protesti-u-lvovi-odesi-harkovi-proti-vidstavki-fedorova-novini-ukrajini-16-lipnya-50624720.html,"16.07, 10:07",«в Одесі десятки людей прийшли на акцію»  ранній зріз,<100,took place,relay,Суспільне,13:00
Odesa,Censor.NET,(фоторепортаж),https://censor.net/ua/photonews/4013779/u-mistah-ukrayiny-prohodyat-aktsiyi-na-pidtrymku-fedorova,"16.07, 10:28",невідомо,unknown,took place,relay,ретрансляція з ТГ «Одесса INFO»,13:00
Ivano-Frankivsk,Суспільне ІФ,В Івано-Франківську люди протестують проти звільнення міністра оборони Михайла Федорова,https://suspilne.media/ivano-frankivsk/1356324-v-ivano-frankivsku-ludi-protestuut-proti-zvilnenna-ministra-oboroni-mihajla-fedorova/,"16.07, 09:27",«Орієнтовно дві сотні людей зібралася на площі перед адмінбудівлею з картонними плакатами»; поліція: «до акції долучилися орієнтовно 200 людей»,100–999,took place,police,"власні кор. Р. Сокирко, І. Сендецька-Монюк + поліція",13:00
Ivano-Frankivsk,КУРС,Франківці вийшли на акцію проти звільнення міністра оборони Михайла Федорова,https://kurs.if.ua/frankivczi-vyjshly-na-akcziyu-proty-zvilnennya-ministra-oborony-myhajla-fedorova/,"16.07, 09:26 (онов. 11:42)",«Біля адміністративного будинку на площі Соборності зібралась понад сотня людей… Згодом до акції долучилися ще кількадесят учасників»,100–999,took place,own correspondent,"власний («пише КУРС з акції», С. Мельник)",13:00
Ivano-Frankivsk,0342.ua,Франківці вийшли на мітинг під «Білий дім» через відставку міністра оборони Федорова,https://www.0342.ua/news/4130747/frankivci-vijsli-na-miting-pid-bilij-dim-cerez-vidstavku-ministra-oboroni-fedorova-foto,"16.07, 09:34","«На мітинг прийшли десятки людей із плакатами»  ранній зріз, суперечить поліції",<100,took place,own correspondent,власне видання,13:00
Ivano-Frankivsk,Правда ІФ,«Поверніть Федорова назад»: у Франківську пройшов мітинг проти звільнення міністра оборони,https://pravda.if.ua/povernitio-fedorova-nazad-u-frankivsioku-projshov-mityng-proty-zvilionennya-ministra-oborony-fotoreportazh/,"16.07, 11:40",невідомо,unknown,took place,own correspondent,власне видання,13:00
Ivano-Frankivsk,Суспільне (нац.),(зведення),https://suspilne.media/1356356-u-kievi-zbirautsa-na-kartonkovij-protest-na-pidtrimku-fedorova/,"16.07, онов. 11:41","«Орієнтовно, сотня людей»",100–999,took place,relay,дзеркало регіоналки,13:00
Ternopil,Суспільне Тернопіль,У Тернополі відбувається акція проти звільнення міністра оборони,https://suspilne.media/ternopil/1356390-u-ternopoli-vidbuvaetsa-akcia-proti-zvilnenna-ministra-oboroni/,"16.07, 09:40","«Кореспонденти Суспільного повідомили, що на акцію прийшло майже 100 людей»",100–999,took place,own correspondent,власні кор.,13:00
Ternopil,0352.ua,"«Не ламайте те, що працює»: люди не розходяться, акція протесту під стінами ТОВА триває",https://www.0352.ua/news/4130776/ne-lamajte-te-so-pracue-ludi-ne-rozhodatsa-akcia-protestu-pid-stinami-tova-trivae-foto,"16.07, 10:45",«Понад сотня людей вкотре вийшли на «картонковий майдан»»,100–999,took place,own correspondent,власне видання,13:00
Ternopil,0352.ua,«Федоров — міністр оборони»: що відбувалося сьогодні біля Тернопільської облради,https://www.0352.ua/news/4130754/fedorov-ministr-oboroni-so-vidbuvalosa-sogodni-bila-ternopilskoi-oblradi,"16.07, 10:09",невідомо,unknown,took place,own correspondent,власне видання,13:00
Ternopil,ТСН,(зведення),https://tsn.ua/ukrayina/syrskomu-ye-zamina-u-kyyevi-i-lvovi-spalakhnuly-protesty-proty-zvilnennia-fedorova-onlayn-foto-video-3128690.html,"16.07, 09:31",невідомо,unknown,took place,open-source photo,фото © 20 хвилин,13:00
Ternopil,NV (лайв),(лайв-блог),https://nv.ua/ukr/ukraine/politics/vidstavka-mihayla-fedorova-prizvela-do-kritiki-i-zaklikiv-do-kartonkovih-protestiv-novini-ukrajini-50624683.html,"16.07, 11:21",невідомо,unknown,took place,not stated,не вказано,13:00
Lutsk,ZAXID.NET,(зведення),https://zaxid.net/ukrayintsi_viyshli_na_mitingi_proti_vidstavki_mihayla_fedorova_z_posadi_ministra_oboroni_n1641668,"16.07, 10:12",«У центрі Луцька 16 липня близько сотні містян вийшли на протест… а також вимогою відправити у відставку головнокомандувача ЗСУ Олександра Сирського»,100–999,took place,not stated,не вказано,13:00
Lutsk,ВолиньPost,—,https://www.volynpost.com/news/267681,16.07,"«Учасники з 9:00 почали збиратися на Театральному майдані Луцька, повідомила кореспондентка Суспільного»",unknown,took place,relay,ретрансляція,13:00
Lutsk,Конкурент,У Луцьку акція протесту через звільнення міністра Федорова,https://konkurent.ua/publication/181952/u-lutsku-aktsiya-protestu-cherez-zvilnennya-ministra-fedorova-foto/,"16.07, 09:30",тіло не витягується (JS-рендер) — не перевірено,unknown,took place,not stated,,13:00
Lutsk,Суспільне (нац.),(зведення),https://suspilne.media/1356356-u-kievi-zbirautsa-na-kartonkovij-protest-na-pidtrimku-fedorova/,"16.07, онов. 11:41",невідомо,unknown,took place,own correspondent,кор. з місця,13:00
Khmelnytskyi,Поділля News,У Хмельницькому містяни вийшли на акцію проти відставки Михайла Федорова,https://podillyanews.com/2026/07/16/u-hmelnytskomu-misiany-vyjshly-na-aktsiyu-proty-vidstavky-myhajla-fedorova/,"16.07, 11:00","«На початку акції, за різними оцінками, зібралися понад шість десятків людей, однак упродовж ранку їхня кількість збільшувалася. Станом на 9:30 місцеві видання повідомляли вже приблизно про сотню учасників»",100–999,took place,relay,ретрансляція місцевих медіа,13:00
Khmelnytskyi,ye.ua,У середмісті Хмельницького відбулася акція проти звільнення міністра оборони Федорова,https://ye.ua/syspilstvo/79616_U_seredmisti_Hmelnickogo_vidbulasya_akciya_proti_zvilnennya_ministra_oboroni_Fedorova.html,"16.07, 12:12",«Близько сотні людей зібралися з плакатами на площі біля ТЦ «Дитячий світ»»,100–999,took place,own correspondent,власна кореспондентка,13:00
Khmelnytskyi,vsim.ua,Хмельничани влаштували акцію проти відставки міністра оборони Федорова,https://vsim.ua/Podii/hmelnichani-vlashtuvali-aktsiyu-proti-vidstavki-ministra-oboroni-fedor-12001840.html,"16.07, 09:20","«Станом на 9:20, участь в мітингу беруть близько сотні людей»",100–999,took place,own correspondent,власний репортаж,13:00
Khmelnytskyi,ZAXID.NET,(зведення),https://zaxid.net/ukrayintsi_viyshli_na_mitingi_proti_vidstavki_mihayla_fedorova_z_posadi_ministra_oboroni_n1641668,"16.07, 10:12",«Близько сотні людей доєдналися до акції протесту у середмісті»,100–999,took place,not stated,не вказано,13:00
Khmelnytskyi,ТСН,(зведення),https://tsn.ua/ukrayina/syrskomu-ye-zamina-u-kyyevi-i-lvovi-spalakhnuly-protesty-proty-zvilnennia-fedorova-onlayn-foto-video-3128690.html,"16.07, 09:31",«Станом на 9:05 є біля 50 людей»  ранній зріз,<100,took place,open-source photo,фото з відкритих джерел,13:00
Cherkasy,Суспільне Черкаси,Акція в Черкасах,https://suspilne.media/cherkasy/1356340-vlada-ukraini-nalezit-narodu-u-cerkasah-vidbuvsa-miting-cerez-vidstavku-fedorova/,"16.07, 09:44 (онов. 12:15)","«На зібранні присутні близько сотні містян, повідомили кореспондентки»",100–999,took place,own correspondent,власні кор.,13:00
Cherkasy,dzvin.media,Пікет з картонками: в Черкасах мітингували на захист Федорова,https://dzvin.media/news/mityng-z-kartonkamy-v-cherkasah-mitynguvaly-na-zahyst-fedorova/,"16.07, 09:44","«Всього зібралося біля 30 осіб, переважно молодих людей»  ранній зріз, власне спостереження",<100,took place,own correspondent,власне видання,13:00
Cherkasy,ТСН,(зведення),https://tsn.ua/ukrayina/syrskomu-ye-zamina-u-kyyevi-i-lvovi-spalakhnuly-protesty-proty-zvilnennia-fedorova-onlayn-foto-video-3128690.html,"16.07, 09:31","«За інформацією Суспільного, на Соборній площі зібралися близько 30 містян»  цитує ранню версію",<100,took place,relay,ретрансляція,13:00
Cherkasy,procherk.info,—,https://procherk.info/news/fotofakt/133995-u-cherkasah-vidbuvsja-miting-cherez-vidstavku-fedorova,"16.07, 12:27",«близько сотні»,100–999,took place,relay,вторинне (посилання на Суспільне),13:00
Zaporizhzhia,Суспільне Запоріжжя,Акція у Запоріжжі,https://suspilne.media/zaporizhzhia/1356314-ruki-get-vid-fedorova-u-zaporizzi-vidbuvsa-kartonnij-miting-na-pidtrimku-ministra-oboroni-ukraini/,"16.07, 09:48 (онов. 10:51)",«Близько 60 місцевих жителів вийшли з плакатами»,<100,took place,own correspondent,власний кор.,13:00
Zaporizhzhia,061.ua,Запоріжці вийшли на акцію протесту через рішення Зеленського звільнити Федорова,https://www.061.ua/news/4130779/zaporizci-vijsli-na-akciu-protestu-cerez-risenna-zelenskogo-zvilniti-fedorova,"16.07, 10:19",«Попри повітряну тривогу та щоденні обстріли… зібралось понад півсотні людей. Вона проходила в центрі міста — на бульварі Шевченка»,<100,took place,own correspondent,власне видання,13:00
Zaporizhzhia,inform.zp.ua,У Запоріжжі — акція на підтримку Михайла Федорова,https://www.inform.zp.ua/uk/2026/07/16/379628_u-zaporizhzhi-aktsiya-na-pidtrymku-myhajla-fedorova-foto-video/,"16.07, 09:57",невідомо,unknown,took place,own correspondent,власне видання,13:00
Zaporizhzhia,NV (лайв),(лайв-блог),https://nv.ua/ukr/ukraine/politics/vidstavka-mihayla-fedorova-prizvela-do-kritiki-i-zaklikiv-do-kartonkovih-protestiv-novini-ukrajini-50624683.html,"16.07, 11:38",«близько 60 людей вийшли з «картонками»»,<100,took place,relay,Суспільне,13:00
Zaporizhzhia,ТСН,(зведення),https://tsn.ua/ukrayina/syrskomu-ye-zamina-u-kyyevi-i-lvovi-spalakhnuly-protesty-proty-zvilnennia-fedorova-onlayn-foto-video-3128690.html,"16.07, 09:31",«Близько 60 запоріжців виступили з незгодою»,<100,took place,open-source photo,фото з відкритих джерел,13:00
Poltava,poltava.to,—,https://poltava.to/news/87324/,"16.07, 10:04",«16 липня близько 70 полтавців зібралися в центрі міста»,<100,took place,own correspondent,власне видання,13:00
Poltava,kolo.news,—,https://kolo.news/category/suspilstvo/48203,"16.07, 11:55","«Загалом, за нашими підрахунками, на Театральну площу прийшли близько 70 осіб»",<100,took place,own correspondent,власний підрахунок,13:00
Poltava,NV (лайв),(лайв-блог),https://nv.ua/ukr/ukraine/politics/vidstavka-mihayla-fedorova-prizvela-do-kritiki-i-zaklikiv-do-kartonkovih-protestiv-novini-ukrajini-50624683.html,"16.07, 11:25","«У центрі Полтаві на протест вийшли близько сотні людей, повідомляє Суспільне»",100–999,took place,relay,ретрансляція Суспільного (Полтава),13:00
Poltava,Суспільне Полтава,Акція в Полтаві,https://suspilne.media/poltava/1356408-u-poltavi-ludi-vijsli-na-miting-proti-vidstavki-ministra-oboroni-mihajla-fedorova/,16.07,"«За підрахунками Суспільного, на акцію протесту прийшло близько сотні людей»",100–999,took place,own correspondent,власний кор.,13:00
Uzhhorod,Суспільне Ужгород,Акцію на підтримку Михайла Федорова розпочали в Ужгороді,https://suspilne.media/uzhhorod/1356348-akciu-na-pidtrimku-mihajla-fedorova-rozpocali-v-uzgorodi/,"16.07, 09:12",«На протест зібралися близько 50 людей»,<100,took place,own correspondent,власна кор. Яна Созанська,13:00
Rivne,Суспільне Рівне,"«Це постріл собі в ногу, причому нога тільки одна»: що розповіли учасники акції на підтримку Михайла Федорова у Рівному",https://suspilne.media/rivne/1356468-ce-postril-sobi-v-nogu-pricomu-noga-tilki-odna-so-rozpovili-ucasniki-akcii-na-pidtrimku-mihajla-fedorova-u-rivnomu/,"16.07, 11:15",«Приблизно півсотні людей взяли участь в акції»,<100,took place,own correspondent,власна авторка Юлія Савчук,13:00
Rivne,Рівне Вечірнє,У Рівному мітингують проти відставки міністра Федорова,https://rivnepost.rv.ua/news/u-rivnomu-mitynguyut-proty-vidstavky-ministra-fedorova/,"16.07, 09:33",«На Театральній площі в центрі міста зібралися десятки людей з плакатами»,<100,took place,own correspondent,власна авторка Олена Ракс,13:00
Rivne,ZAXID.NET,(зведення),https://zaxid.net/ukrayintsi_viyshli_na_mitingi_proti_vidstavki_mihayla_fedorova_z_posadi_ministra_oboroni_n1641668,"16.07, 10:12",невідомо,unknown,took place,relay,ретрансляція Суспільного,13:00
Rivne,24 Канал,(зведення),https://24tv.ua/kiyevi-bagatoh-mistah-pochalisya-mitingi-proti-vidstavki-fedorova_n3106551,"16.07, 10:35",невідомо,unknown,took place,not stated,не вказано,13:00
Mykolaiv,Суспільне Миколаїв,Акція у Миколаєві,https://suspilne.media/mykolaiv/1356386-mikolaivci-vijsli-na-akciu-protestu-proti-vidstavki-fedorova/,"16.07, 09:42 (онов. 11:02)","«Біля міської ради зібралися 45 людей»; «Захід тривав близько 1,5 години»",<100,took place,own correspondent,власний кор.,13:00
Mykolaiv,0512.com.ua,У Миколаєві пройшла акція протесту на підтримку Михайла Федорова,https://www.0512.com.ua/news/4130816/u-mikolaevi-projsla-akcia-protestu-na-pidtrimku-mihajla-fedorova-foto,"16.07, 11:10",«взяли участь близько пів сотні людей»,<100,took place,own correspondent,власне видання,13:00
Mykolaiv,Суспільне (нац.),(зведення),https://suspilne.media/1356356-u-kievi-zbirautsa-na-kartonkovij-protest-na-pidtrimku-fedorova/,"16.07, онов. 11:41",«зібралися 26 людей з плакатами»  застаріла,<100,took place,relay,застаріле дзеркало,13:00
Mykolaiv,Главком,Картонковий майдан повертається?,https://glavcom.ua/country/incidents/kartonkovij-majdan-povertajetsja-fanati-fedorova-zbirajutsja-u-riznikh-mistakh-ukrajini-foto-1131411.html,"16.07, 09:34",«Біля будівлі міської ради зібралися 26 людей»  підзаголовок каже «кілька десятків» — беремо тіло,<100,took place,not stated,не вказано,13:00
Mykolaiv,Censor.NET,(фоторепортаж),https://censor.net/ua/photonews/4013779/u-mistah-ukrayiny-prohodyat-aktsiyi-na-pidtrymku-fedorova,"16.07, 10:28","«близько 10:00 відбувся мітинг із картонними плакатами, на який вийшло приблизно 30 людей»",<100,took place,relay,ретрансляція (МикВісті)  містить помилку: «міністра цифрової трансформації»,13:00
Mykolaiv,24 Канал,(зведення),https://24tv.ua/kiyevi-bagatoh-mistah-pochalisya-mitingi-proti-vidstavki-fedorova_n3106551,"16.07, 10:35",невідомо,unknown,took place,not stated,не вказано,13:00
Chernivtsi,Суспільне Чернівці,"«Сирського в Скелю, Федорова – в МО»: кілька десятків людей у Чернівцях вийшли на акцію підтримки",https://suspilne.media/chernivtsi/1356404-kilka-desatkiv-ludej-u-cernivcah-vijsli-na-akciu-pidtrimki-mihajla-fedorova/,"16.07, 10:00",«у Чернівцях кілька десятків людей вийшли на Центральну площу»,<100,took place,own correspondent,власний кор.,13:00
Chernivtsi,Чернівецький промінь,У Чернівцях протестують проти звільнення Михайла Федорова з посади міністра оборони,https://promin.cv.ua/2026/07/16/u-chernivtsiakh-protestuiut-proty-zvilnennia-mykhaila-fedorova-z-posady-ministra-oborony.html,16.07,«На Центральній площі міста в акції взяли участь десятки людей»,<100,took place,own correspondent,власне видання,13:00
Chernivtsi,0372.ua,У Чернівцях люди вийшли на протест проти відставки Михайла Федорова,https://www.0372.ua/news/4130748/u-cernivcah-ludi-vijsli-na-protest-proti-vidstavki-mihajla-fedorova-foto,"16.07, 09:41",невідомо,unknown,took place,own correspondent,власна кор. Марія Мартинюк,13:00
Chernivtsi,Молодий буковинець,—,https://molbuk.ua/chernivtsi_news/360348,"16.07, 10:35",невідомо,unknown,took place,own correspondent,власне видання,13:00
Chernivtsi,Шпальта,«Зараз не час для дурних рішень»: у Чернівцях триває мирний протест проти відставки міністра оборони Федорова,https://shpalta.media/2026/07/16/zaraz-ne-chas-dlya-durnix-rishen-u-chernivcyax-trivaye-mirnij-protest-proti-vidstavki-ministra-oboroni-fedorova/,16.07,невідомо,unknown,took place,own correspondent,власне видання,13:00
Chernivtsi,ZN.UA,«Не чіпайте Федорова»: у Києві та інших містах мітингують проти відставки міністра,https://zn.ua/ukr/UKRAINE/ne-chipajte-fedorova-u-kijevi-ta-inshikh-mistakh-mitinhujut-proti-vidstavki-ministra.html,"16.07, 10:10",невідомо,unknown,took place,own correspondent,кор. ZN.UA,13:00
Zhytomyr,Суспільне Житомир,Акція у Житомирі,https://suspilne.media/zhytomyr/1356392-u-zitomiri-vidbulasa-akcia-proti-zvilnenna-mihajla-fedorova-z-posadi-ministra-oboroni/,16.07,«на акцію підтримки… прийшли близько 30 людей»,<100,took place,own correspondent,власна кор. Марія Кравчук,13:00
Zhytomyr,Детектор медіа,(зведення),https://detector.media/infospace/article/251237/2026-07-16-u-kyievi-ta-inshykh-mistakh-rozpochalys-aktsii-protestu-proty-zvilnennya-mykhayla-fedorova-z-posady-ministra-oborony-foto/,"16.07, 09:40",невідомо,unknown,took place,relay,ретрансляція Суспільного,13:00
Kropyvnytskyi,Суспільне Кропивницький,Акція у Кропивницькому,https://suspilne.media/kropyvnytskiy/1356374-akciu-na-pidtrimku-mihajla-fedorova-rozpocali-u-kropivnickomu/,"16.07, 09:31 (онов. 12:34)","«Акція відбулась на площі Героїв Майдану… Спочатку, за підрахунками Суспільного, було 30 людей, о 9:30 — 60»",<100,took place,own correspondent,"власний підрахунок Суспільного, дві точки",13:00
Kropyvnytskyi,Censor.NET,(фоторепортаж),https://censor.net/ua/photonews/4013779/u-mistah-ukrayiny-prohodyat-aktsiyi-na-pidtrymku-fedorova,"16.07, 10:28",«Станом на 09:30 на площі Героїв Майдану у Кропивницькому зібралися близько 60 учасників»,<100,took place,relay,ретрансляція з ТГ «Мій Кропивницький»,13:00
Sumy,Цукр (cukr.city),Сум'яни протестують проти відставки Федорова,https://cukr.city/city/2026/sumiany-protestuiut-proty-vidstavky-fedorova/,"16.07, 13:06","«Через близькість до фронту сум'яни не можуть виходити на багатолюдні мітинги. Водночас вони закликають виходити на протести в містах, розташованих далі від фронту»; «Сум'яни збираються в центрі міста здебільшого на поодинокі пікети. Люди також залишають у різних точках Сум «картонки»»",<100,took place,own correspondent,власна авторка Юлія Опанасенко,13:00
Sumy,ТСН,(зведення),https://tsn.ua/ukrayina/syrskomu-ye-zamina-u-kyyevi-i-lvovi-spalakhnuly-protesty-proty-zvilnennia-fedorova-onlayn-foto-video-3128690.html,"16.07, 09:31",невідомо,unknown,took place,open-source photo,фото з відкритих джерел,13:00
Vinnytsia,Суспільне Вінниця,Акція у Вінниці,https://suspilne.media/vinnytsia/1356354-u-vinnici-prohodit-akcia-na-pidtrimku-zvilnenogo-ministra-oboroni-mihajla-fedorova/,"16.07, 09:26 (онов. 11:22)","«За підрахунками представників поліції діалогу, участь у заході взяли майже 120 людей»",100–999,took place,police,поліція діалогу,13:00
Vinnytsia,Vежа,Вінниця за Федорова: у місті відбулася акція протесту проти відставки міністра оборони Михайла Федорова,https://vezha.ua/vinnytsya-za-fedorova-u-misti-vidbulasya-aktsiya-protestu-proty-vidstavky-ministra-oborony-myhajla-fedorova/,"16.07, 12:03",цифри немає,unknown,took place,own correspondent,власне видання,13:00
Vinnytsia,NV (лайв),(лайв-блог),https://nv.ua/ukr/ukraine/politics/vidstavka-mihayla-fedorova-prizvela-do-kritiki-i-zaklikiv-do-kartonkovih-protestiv-novini-ukrajini-50624683.html,"16.07, 10:45",«акція менш численна» (без цифри),unknown,took place,not stated,не вказано,13:00
Vinnytsia,Censor.NET,(фоторепортаж),https://censor.net/ua/photonews/4013779/u-mistah-ukrayiny-prohodyat-aktsiyi-na-pidtrymku-fedorova,"16.07, 10:28",невідомо (перевірено адресно — цифри на сторінці немає),unknown,took place,relay,ретрансляція з ТГ,13:00
Chernihiv,0462.ua,«Поверніть ефективного МО». Протест у Чернігові через відставку Федорова 16 липня,https://www.0462.ua/news/4130770/povernit-efektivnogo-mo-protest-u-cernigovi-cerez-vidstavku-fedorova-16-lipna,"16.07, 10:15",цифри немає: «Вранці 16 липня на Красній площі у Чернігові зібрався мітинг»,unknown,took place,own correspondent,"власне репортування, власні фото — Вікторія Гаврик",13:00
Chernihiv,Главком,Картонковий майдан повертається?,https://glavcom.ua/country/incidents/kartonkovij-majdan-povertajetsja-fanati-fedorova-zbirajutsja-u-riznikh-mistakh-ukrajini-foto-1131411.html,"16.07, 09:34",невідомо,unknown,took place,not stated,не вказано,13:00
Kryvyi Rih,1kr.ua,—,https://1kr.ua/ua/news-112818.html,"16.07, 09:24 (онов. 09:47)",цифри немає: учасники зібралися «біля флагштока у парку Героїв»; провели «мирну ходу від флагштоку до кільця 95 кварталу»,unknown,took place,own correspondent,власне видання,13:00
Kryvyi Rih,1kr.ua,«Проти відставки Федорова»: 16 липня криворіжці вийшли на картонний мітинг,https://1kr.ua/ua/news-112818.html,"16.07, 10:26",невідомо (лише цитати),unknown,took place,own correspondent,власне видання,13:00
Kryvyi Rih,0564.ua,"«Федорова верніть»: українці вийшли на вулиці Києва, Львова, Кривого Рогу",https://www.0564.ua/news/4130829/fedorova-vernit-ukrainci-vijsli-na-vulici-kieva-lvova-krivogo-rogu-foto,"16.07, 11:53",невідомо,unknown,took place,own correspondent,власне видання,13:00
Kryvyi Rih,056.ua,"Відставка Федорова: у Дніпрі, Кривому Розі та Києві пройшли акції протесту",https://www.056.ua/news/4130761/vidstavka-fedorova-u-dnipri-krivomu-rozi-ta-kievi-projsli-akcii-protestu,"16.07, 09:30","«сотні людей» — це сукупна оцінка по Дніпру + Кривому Рогу + Києву разом, НЕ по Кривому Рогу",unknown,took place,own correspondent,власне видання,13:00
Kremenchuk,Кременчуцький Телеграф,У Кременчуці на площі Перемоги проходить акція проти відставки міністра оборони Михайла Федорова,https://www.telegraf.in.ua/topnews/u-kremenchuczi-na-ploshhi-peremogy-prohodyt-akcziya-proty-vidstavky-ministra-oborony-myhajla-fedorova.html,"16.07, 10:05 (онов. 12:41)",цифри немає: «на площі Перемоги вдень 16 липня відбулася акція протесту»,unknown,took place,own correspondent,«кореспонденти «Кременчуцького Телеграфа» з місця події»,13:00
Kherson,Вгору (vgoru.org),Херсонці долучилися до онлайн-акції на підтримку Федорова,https://vgoru.org/novini/xersonci-dolucilisia-do-onlain-akciyi-na-pidtrimku-fedorova-foto,"16.07, 11:37 (онов. 13:15)",«Через безпекову ситуацію жителі Херсона долучаються до акції онлайн. У соціальних мережах вони публікують зображення на підтримку Федорова та висловлюють незгоду з його звільненням»,unknown,online,own correspondent,власне видання,13:00
Sumy,Цукр (cukr.city),"Люди підтримують Михайла Федорова, міністра оборони, в Сумах",https://cukr.city/news/2026/liudy-pidtrymuiut-mykhayla-fedorova-ministra-oborony-v-sumakh/,"16.07, після 13:00","«У центрі Сум на перехресті біля фонтану «Садко» стоять до двадцяти людей»; «Попри безпекову ситуацію, у Сумах люди вийшли на вулиці»",<100,ongoing,own correspondent,"власна авторка, власні фото",15:00
Kolomyia,Інформатор Коломия (kl.informator.ua),У Коломиї активісти вийшли на підтримку Михайла Федорова,https://kl.informator.ua/uk/u-kolomiji-aktivisti-viyshli-na-pidtrimku-mihayla-fedorova,"16.07, 10:56 (онов. 10:57)","«Вранці 16 липня 11 молодих людей зібралися під ратушею, аби висловити незадоволення рішенням Президента України»",<100,took place,own correspondent,авторка Наталка Сандецька,15:00
Kremenchuk,KP.UA,"Київ, Харків, Дніпро та ще 17 міст: Україною котиться хвиля протестів через відставку Михайла Федорова",https://kp.ua/ua/politics/a733218-kijiv-kharkiv-dnipro-ta-shche-17-mist-ukrajinoju-kotitsja-khvilja-protestiv-cherez-vidstavku-mikhajla-fedorova,16.07,"«у Чернігові, Полтаві, Кременчуці, Луцьку, Чернівцях, Івано-Франківську, Черкасах, Хмельницькому, Рівному, Тернополі, Вінниці та у Кривому Розі поблизу флагштоку» — цифр немає",unknown,took place,relay,зведення,15:00
Sumy,KP.UA,"Київ, Харків, Дніпро та ще 17 міст: Україною котиться хвиля протестів через відставку Михайла Федорова",https://kp.ua/ua/politics/a733218-kijiv-kharkiv-dnipro-ta-shche-17-mist-ukrajinoju-kotitsja-khvilja-protestiv-cherez-vidstavku-mikhajla-fedorova,16.07,«У Сумах акцію довелося скасувати через складну безпекову ситуацію» — СПРОСТОВАНО репортажем Цукру з місця,unknown,refuted,relay,"зведення, без атрибуції",15:00
Kyiv,Suspilne,В Україні протестують проти відставки Федорова. День другий,https://suspilne.media/1357360-v-ukraini-protestuut-proti-vidstavki-fedorova-den-drugij/,"17.07, 10:59",близько 200 учасників «картонкового протесту» знову зібралися на площі Івана Франка,100–999,took place,own correspondent,Суспільне Новини / Сніжана Мазур,18 Jul
Kyiv,LB.ua,В Києві другий день поспіль мітингують проти відставки Михайла Федорова,https://lb.ua/society/2026/07/17/752715_kiievi_drugiy_den_pospil.html,"17.07, ~20:00",На площі перебувають близько 3 тисяч людей,1000–4999,took place,own correspondent,"LB.ua, фото і відео Зоряна Стельмах",18 Jul
Kyiv,Kyiv24,"Протести на підтримку Федорова набирають обертів: на площі Франка ще більше людей, акцію підтримали й на Atlas Festival",https://kyiv24.news/news/protesty-na-pidtrymku-fedorova-nabyrayut-obertiv-na-ploshhi-franka-shhe-bilshe-lyudej-akcziyu-pidtrymaly-j-na-atlas-festival,"17.07, 18:10","Увечері 17 липня площа Івана Франка … зібрала значно більше людей, ніж у перший день акції",1000–4999,took place,own correspondent,Київ24,18 Jul
Lutsk,Suspilne (Луцьк),В Україні протестують проти відставки Федорова. День другий,https://suspilne.media/1357360-v-ukraini-protestuut-proti-vidstavki-fedorova-den-drugij/,"17.07, ~11:00",До ранкової акції долучилися орієнтовно пів сотні людей,<100,took place,own correspondent,кореспондентка Суспільного (Суспільне Луцьк),18 Jul
Mykolaiv,Suspilne (Миколаїв),В Україні протестують проти відставки Федорова. День другий,https://suspilne.media/1357360-v-ukraini-protestuut-proti-vidstavki-fedorova-den-drugij/,17.07,"учасники акції зібралися біля будівлі міськради, щоб висловитися проти відставки Михайла Федорова",unknown,took place,own correspondent,Суспільне Миколаїв / Назарій Рубаняк,18 Jul
Kropyvnytskyi,Suspilne (Кропивницький),В Україні протестують проти відставки Федорова. День другий,https://suspilne.media/1357360-v-ukraini-protestuut-proti-vidstavki-fedorova-den-drugij/,"17.07, 10:00","За підрахунками Суспільного, на 9:19 до акції долучилися 30 людей, а о 10:00 — майже сотня людей",<100,took place,own correspondent,За підрахунками Суспільного (Суспільне Кропивницький),18 Jul
Ternopil,Suspilne (Тернопіль),В Україні протестують проти відставки Федорова. День другий,https://suspilne.media/1357360-v-ukraini-protestuut-proti-vidstavki-fedorova-den-drugij/,17.07,Зібралося близько двох десятків людей,<100,took place,own correspondent,Суспільне Тернопіль,18 Jul
Poltava,Suspilne (Полтава),В Україні протестують проти відставки Федорова. День другий,https://suspilne.media/1357360-v-ukraini-protestuut-proti-vidstavki-fedorova-den-drugij/,17.07,"Близько 20 людей скандують: «А у військових будуть канікули», «Канікули — ганьба»",<100,took place,own correspondent,Суспільне Полтава (третя акція за два дні),18 Jul
Ivano-Frankivsk,Suspilne (Івано-Франківськ),В Україні протестують проти відставки Федорова. День другий,https://suspilne.media/1357360-v-ukraini-protestuut-proti-vidstavki-fedorova-den-drugij/,17.07,Уранці 17 липня на площі біля адмінбудинку в Івано-Франківську другий день поспіль люди протестують,unknown,took place,own correspondent,Суспільне Івано-Франківськ / Роман Сокирко,18 Jul
Chernivtsi,OBOZ.UA,«Поверніть Федорова»: у містах України другий день поспіль тривають масові мітинги проти відставки міністра оборони,https://www.obozrevatel.com/ukr/novosti-obschestvo/fedorov-ministr-oboroni-u-mistah-ukraini-drugij-den-pospil-trivayut-masovi-mitingi-foto-i-video.htm,17.07,На Центральній площі у Чернівцях близько 30 людей проводять мітинг за повернення Михайла Федорова до Міноборони,<100,took place,relay,OBOZ.UA (з посиланням на Суспільне),18 Jul
Sumy,OBOZ.UA,«Поверніть Федорова»: у містах України другий день поспіль тривають масові мітинги проти відставки міністра оборони,https://www.obozrevatel.com/ukr/novosti-obschestvo/fedorov-ministr-oboroni-u-mistah-ukraini-drugij-den-pospil-trivayut-masovi-mitingi-foto-i-video.htm,17.07,Навіть у прикордонних Сумах на мирну акцію вийшли близько двох десятків людей,<100,took place,relay,OBOZ.UA,18 Jul
Zhytomyr,OBOZ.UA,«Поверніть Федорова»: у містах України другий день поспіль тривають масові мітинги проти відставки міністра оборони,https://www.obozrevatel.com/ukr/novosti-obschestvo/fedorov-ministr-oboroni-u-mistah-ukraini-drugij-den-pospil-trivayut-masovi-mitingi-foto-i-video.htm,17.07,"На майдані Корольова в центрі міста вранці, а потім ввечері зібралися молоді люди",unknown,took place,relay,OBOZ.UA (з посиланням на Суспільне),18 Jul
Dnipro,OBOZ.UA,«Поверніть Федорова»: у містах України другий день поспіль тривають масові мітинги проти відставки міністра оборони,https://www.obozrevatel.com/ukr/novosti-obschestvo/fedorov-ministr-oboroni-u-mistah-ukraini-drugij-den-pospil-trivayut-masovi-mitingi-foto-i-video.htm,17.07,Акція на підтримку Федорова також пройшла в Дніпрі. Загалом в місті зібралося близько 300 людей,100–999,took place,relay,OBOZ.UA (можливе перенесення цифри Суспільне Дніпро),18 Jul
Odesa,OBOZ.UA,«Поверніть Федорова»: у містах України другий день поспіль тривають масові мітинги проти відставки міністра оборони,https://www.obozrevatel.com/ukr/novosti-obschestvo/fedorov-ministr-oboroni-u-mistah-ukraini-drugij-den-pospil-trivayut-masovi-mitingi-foto-i-video.htm,17.07,"У мережі анонсували другий день мітингу в Одесі проти відставки Михайла Федорова 17 липня о 18:00, місце проведення — навпроти Міського саду",unknown,announced,relay,OBOZ.UA,18 Jul
Kyiv,Suspilne (Київ),У Києві та інших містах третій день поспіль пройшли протести проти відставки Федорова,https://suspilne.media/1358550-u-kievi-ta-insih-mistah-tretij-den-pospil-projsli-protesti-proti-vidstavki-fedorova/,"18.07, 19:44 (онов. 22:36)",Станом на 21:45 у Києві зібралось на протесті близько 2 тисяч людей,1000–4999,took place,own correspondent,кор. Суспільного Поліна Паламарчук,19 Jul
Lviv,Suspilne (Львів),У Києві та інших містах третій день поспіль пройшли протести проти відставки Федорова,https://suspilne.media/1358550-u-kievi-ta-insih-mistah-tretij-den-pospil-projsli-protesti-proti-vidstavki-fedorova/,"18.07, 19:44 (онов. 22:36)","цифри немає: скандували «Змінимось або помремо», «Нації потрібні інновації», «Без тилу немає фронту»",unknown,took place,own correspondent,Суспільне Львів / Ольга Дейнека,19 Jul
Dnipro,Suspilne (Дніпро),У Києві та інших містах третій день поспіль пройшли протести проти відставки Федорова,https://suspilne.media/1358550-u-kievi-ta-insih-mistah-tretij-den-pospil-projsli-protesti-proti-vidstavki-fedorova/,"18.07, 19:44 (онов. 22:36)","цифри немає: учасниця Любов — «Будемо виходити щодня, скільки потрібно, доки не доб'ємося результату»",unknown,took place,own correspondent,Суспільне Дніпро,19 Jul
Mykolaiv,Suspilne (Миколаїв),У Києві та інших містах третій день поспіль пройшли протести проти відставки Федорова,https://suspilne.media/1358550-u-kievi-ta-insih-mistah-tretij-den-pospil-projsli-protesti-proti-vidstavki-fedorova/,"18.07, 19:44 (онов. 22:36)",До заходу долучилися понад 150 людей,100–999,took place,own correspondent,Суспільне Миколаїв / Олександр Гордієнко,19 Jul
Ternopil,Suspilne (Тернопіль),У Києві та інших містах третій день поспіль пройшли протести проти відставки Федорова,https://suspilne.media/1358550-u-kievi-ta-insih-mistah-tretij-den-pospil-projsli-protesti-proti-vidstavki-fedorova/,"18.07, 19:44 (онов. 22:36)",Станом на 19-ту годину було понад 50 учасників акції,<100,took place,own correspondent,Суспільне Тернопіль,19 Jul
Kropyvnytskyi,Suspilne (Кропивницький),У Києві та інших містах третій день поспіль пройшли протести проти відставки Федорова,https://suspilne.media/1358550-u-kievi-ta-insih-mistah-tretij-den-pospil-projsli-protesti-proti-vidstavki-fedorova/,"18.07, 19:44 (онов. 22:36)",Учасники зібралися о дев'ятій годині поблизу площі Героїв Майдану,unknown,took place,own correspondent,Суспільне Кропивницький,19 Jul
Odesa,Suspilne (Одеса),У Києві та інших містах третій день поспіль пройшли протести проти відставки Федорова,https://suspilne.media/1358550-u-kievi-ta-insih-mistah-tretij-den-pospil-projsli-protesti-proti-vidstavki-fedorova/,"18.07, 19:44 (онов. 22:36)","цифри немає: скандували «Сирського геть», «Хто відповість за Кринки?», «Військовим потрібні дрони»",unknown,took place,own correspondent,Суспільне Одеса,19 Jul
Cherkasy,Suspilne (Черкаси),У Києві та інших містах третій день поспіль пройшли протести проти відставки Федорова,https://suspilne.media/1358550-u-kievi-ta-insih-mistah-tretij-den-pospil-projsli-protesti-proti-vidstavki-fedorova/,"18.07, 19:44 (онов. 22:36)",Більше сотні людей вийшли на акцію в Черкасах,100–999,took place,own correspondent,Суспільне Черкаси / Марія Гаврилян,19 Jul
Khmelnytskyi,Suspilne (Хмельницький),У Києві та інших містах третій день поспіль пройшли протести проти відставки Федорова,https://suspilne.media/1358550-u-kievi-ta-insih-mistah-tretij-den-pospil-projsli-protesti-proti-vidstavki-fedorova/,"18.07, 19:44 (онов. 22:36)",Станом на 20:15 у середмісті Хмельницького на акцію зібралися понад 150 людей,100–999,took place,own correspondent,Суспільне Хмельницький,19 Jul
Uzhhorod,Suspilne (Ужгород),У Києві та інших містах третій день поспіль пройшли протести проти відставки Федорова,https://suspilne.media/1358550-u-kievi-ta-insih-mistah-tretij-den-pospil-projsli-protesti-proti-vidstavki-fedorova/,"18.07, 19:44 (онов. 22:36)","цифри немає: плакати «Ми за тих, хто за нас на фронті», «Зняти Федорова — це зрадити військо»",unknown,took place,own correspondent,Суспільне Ужгород / Рената Янцо,19 Jul
Ivano-Frankivsk,Suspilne (Івано-Франківськ),У Києві та інших містах третій день поспіль пройшли протести проти відставки Федорова,https://suspilne.media/1358550-u-kievi-ta-insih-mistah-tretij-den-pospil-projsli-protesti-proti-vidstavki-fedorova/,"18.07, 19:44 (онов. 22:36)",орієнтовно 200 людей зібралися на третій день протестів,100–999,took place,own correspondent,Суспільне Івано-Франківськ / Назар Вінтонюк,19 Jul
Kharkiv,Suspilne (Харків),У Києві та інших містах третій день поспіль пройшли протести проти відставки Федорова,https://suspilne.media/1358550-u-kievi-ta-insih-mistah-tretij-den-pospil-projsli-protesti-proti-vidstavki-fedorova/,"18.07, 19:44 (онов. 22:36)","За підрахунками поліції, станом на 20:00 до акції приєдналися близько 400 людей",100–999,took place,police,підрахунки поліції (Суспільне Харків),19 Jul
Kyiv,Інтерфакс-Україна (через LIGA.net),Мітинг у Києві через відставку Федорова на четвертий день зібрав понад 5000 людей,https://news.liga.net/ua/society/news/chetvertyy-den-mitynhiv-u-kyievi-cherez-vidstavku-fedorova-zibrav-ponad-5000-liudey-interfaks-ukraina,19.07 (вечір),«зібрав понад 5000 людей»,5000+,took place,own correspondent,Інтерфакс-Україна (кор. з місця),19 Jul PM
Kharkiv,24 Канал (Суспільне),«Сирський має піти»: в Україні четвертий день не вщухають масштабні протести,https://24tv.ua/aktsiyi-protestu-ukrayini-19-lipnya-yak-voni-vidbuvalisya-video_n3108406,19.07,«У Харкові понад 400 людей вийшли на майдан Свободи»,100–999,took place,relay,ретрансляція (Суспільне),19 Jul PM
Ivano-Frankivsk,24 Канал (Суспільне),«Сирський має піти»: в Україні четвертий день не вщухають масштабні протести,https://24tv.ua/aktsiyi-protestu-ukrayini-19-lipnya-yak-voni-vidbuvalisya-video_n3108406,19.07,«біля обласної військової адміністрації в Івано-Франківську прийшли приблизно 250 людей»,100–999,took place,relay,ретрансляція (Суспільне),19 Jul PM
Mukachevo,LB.ua (зведення за 4-й день),У Києві та інших містах четвертий день тривають мітинги проти відставки Михайла Федорова,https://lb.ua/society/2026/07/19/753062_kiievi_inshih_mistah_chetvertiy.html,19.07,"«Люди вийшли на акції у Києві, Дніпрі, Харкові, Миколаєві, Одесі, Хмельницькому, Вінниці, Кропивницькому, Луцьку, Черкасах, Івано-Франківську, Мукачеві, Чернівцях, Ужгороді та інших містах»",unknown,took place,relay,зведення (без цифри по місту),19 Jul PM
Kamianske,5.ua (зведення за 4-й день),У Києві й інших містах України четвертий день тривають протести за повернення Федорова та відставку Сирського,https://www.5.ua/suspilstvo/u-kyievi-i-inshykh-mistakh-ukrainy-chetvertyi-den-tryvaiut-protesty-za-povernennia-fedorova-ta-vidstavku-syrskoho-380105.html,19.07,"«акції відбулися у Харкові, Одесі, Кам'янському, Дніпрі, Вінниці, Кременчуці, Івано-Франківську та інших містах України»",unknown,took place,relay,зведення (без цифри по місту),19 Jul PM
Uman,24 Канал (Суспільне),«Сирський має піти»: в Україні четвертий день не вщухають масштабні протести,https://24tv.ua/aktsiyi-protestu-ukrayini-19-lipnya-yak-voni-vidbuvalisya-video_n3108406,19.07,«Невеличкий мітинг в Умані»,unknown,took place,relay,ретрансляція (Суспільне),19 Jul PM
Odesa,24 Канал (Суспільне),«Сирський має піти»: в Україні четвертий день не вщухають масштабні протести,https://24tv.ua/aktsiyi-protestu-ukrayini-19-lipnya-yak-voni-vidbuvalisya-video_n3108406,19.07,«На вулиці Дерибасівській зібралися близько тисячі людей»,1000–4999,took place,relay,ретрансляція (Суспільне Одеса),19 Jul PM
Lutsk,24 Канал (Суспільне),«Сирський має піти»: в Україні четвертий день не вщухають масштабні протести,https://24tv.ua/aktsiyi-protestu-ukrayini-19-lipnya-yak-voni-vidbuvalisya-video_n3108406,19.07,«У Луцьку ввечері на Театральному майдані міста зібралися понад 300 людей»,100–999,took place,relay,ретрансляція (Суспільне),19 Jul PM
Cherkasy,24 Канал (Суспільне),«Сирський має піти»: в Україні четвертий день не вщухають масштабні протести,https://24tv.ua/aktsiyi-protestu-ukrayini-19-lipnya-yak-voni-vidbuvalisya-video_n3108406,19.07,«150 людей вийшли на акцію в Черкасах»,100–999,took place,relay,ретрансляція (Суспільне),19 Jul PM
Dnipro,24 Канал (Суспільне),«Сирський має піти»: в Україні четвертий день не вщухають масштабні протести,https://24tv.ua/aktsiyi-protestu-ukrayini-19-lipnya-yak-voni-vidbuvalisya-video_n3108406,19.07,«На мирну акцію долучились понад 150 містян»,100–999,took place,relay,ретрансляція (Суспільне),19 Jul PM
Cherkasy,Suspilne (Черкаси),"""Хочу підтримати зміни"": у Черкасах вшосте відбулася акція на підтримку Федорова",https://suspilne.media/cherkasy/1359914-hocu-pidtrimati-zmini-u-cerkasah-vsoste-vidbulasa-akcia-na-pidtrimku-fedorova/,"20.07, 10:00",невідомо,unknown,took place,own correspondent,кореспондент Суспільного (Черкаси),6 Aug
Cherkasy,Еспресо,П'ятий день протестів з вимогою повернути Федорова і звільнити Сирського. Організатор дав владі час до п'ятниці,https://espreso.tv/suspilstvo-pyatiy-den-protestiv-z-vimogoyu-povernuti-fedorova-i-zvilniti-sirskogo-organizator-dav-vladi-chas-do-pyatnitsi,"20.07, 10:00",«У Черкасах на Соборну площу вийшли понад 150 містян із картонками.»,100–999,took place,not stated,не вказано,6 Aug
Cherkasy,Суспільне (нац.),У Києві та регіонах пʼятий день протестують проти відставки Федорова,https://suspilne.media/1359926-u-kiivi-ta-regionah-patij-den-protestuut-proti-vidstavki-fedorova/,"20.07, 10:00",«У Черкасах на Соборну площу вийшли понад 150 містян .»,100–999,took place,relay,нацвипуск із посиланням на регіональну редакцію,6 Aug
Cherkasy,Укрінформ,У Єврокомісії прокоментували акції на підтримку Федорова - Укрінформ,https://www.ukrinform.ua/rubric-polytics/4146137-u-evrokomisii-prokomentuvali-akcii-na-pidtrimku-fedorova.html,"20.07, 10:00",невідомо,unknown,took place,not stated,не вказано,6 Aug
Chernihiv,Suspilne (Чернігів),"""Хочемо, щоб президент нас почув"": чернігівці протестують проти відставки Федорова та вимагають звільнення Сирського",https://suspilne.media/chernihiv/1359964-hocemo-sob-prezident-nas-pocuv-cernigivci-protestuut-proti-vidstavki-fedorova-ta-vimagaut-zvilnenna-sirskogo/,"20.07, 10:00",«Увечері 20 липня на Красній площі у Чернігові понад півтори сотні людей зібралися на акцію проти відставки колишнього міністра оборони Михайла Федорова.»,100–999,took place,own correspondent,кореспондент Суспільного (Чернігів),6 Aug
Chernivtsi,Suspilne (Чернівці),У Чернівцях пʼятий день триває акція протесту через відставку Федорова,https://suspilne.media/chernivtsi/1359464-u-cernivcah-patij-den-trivae-akcia-protestu-cerez-vidstavku-fedorova/,"20.07, 10:00",невідомо,unknown,took place,own correspondent,кореспондент Суспільного (Чернівці),6 Aug
Chernivtsi,Суспільне (нац.),У Києві та регіонах пʼятий день протестують проти відставки Федорова,https://suspilne.media/1359926-u-kiivi-ta-regionah-patij-den-protestuut-proti-vidstavki-fedorova/,"20.07, 10:00",«20 липня у Чернівцях кілька десятків людей вийшли на Центральну площу на п'ятий день акції проти відставки ексміністра оборони Михайла Федорова.»,<100,took place,relay,нацвипуск із посиланням на регіональну редакцію,6 Aug
Chernivtsi,Укрінформ,У Єврокомісії прокоментували акції на підтримку Федорова - Укрінформ,https://www.ukrinform.ua/rubric-polytics/4146137-u-evrokomisii-prokomentuvali-akcii-na-pidtrimku-fedorova.html,"20.07, 10:00",невідомо,unknown,took place,not stated,не вказано,6 Aug
Chernivtsi,Укрінформ,У Києві та інших містах вже п’ятий день тривають протести - Укрінформ,https://www.ukrinform.ua/rubric-society/4146285-u-kievi-ta-insih-mistah-vze-patij-den-trivaut-protesti.html,"20.07, 10:00",невідомо,unknown,took place,not stated,не вказано,6 Aug
Dnipro,Dnipro.media,«Канікули не на часі!»: як у Дніпрі проходила п’ята акція проти звільнення Михайла Федорова,https://www.dnipro.media/novyny-dnipro/kanikuly-ne-na-chasi-yak-u-dnipri-prohodyla-p-yata-aktsiya-proty-zvilnennya-myhajla-fedorova/,"20.07, 10:00",невідомо,unknown,took place,own correspondent,власне видання,6 Aug
Dnipro,Suspilne (Дніпро),"""Влада — це народ"". У Дніпрі люди вийшли на акцію проти відставки Федорова",https://suspilne.media/dnipro/1359766-slidkuu-za-risennam-vladi-u-dnipri-ludi-vijsli-na-akciu-proti-vidstavki-fedorova/,"20.07, 10:00",невідомо,unknown,took place,own correspondent,кореспондент Суспільного (Дніпро),6 Aug
Dnipro,Suspilne (Дніпро),"Жертви удару КАБом по Павлограду, пʼятий день мітингів. Головні новини Дніпра та області 20 липня",https://suspilne.media/dnipro/1359164-golovni-novini-dnipra-ta-oblasti-20-lipna-2/,"20.07, 10:00",невідомо,unknown,took place,own correspondent,кореспондент Суспільного (Дніпро),6 Aug
Dnipro,Укрінформ,У Єврокомісії прокоментували акції на підтримку Федорова - Укрінформ,https://www.ukrinform.ua/rubric-polytics/4146137-u-evrokomisii-prokomentuvali-akcii-na-pidtrimku-fedorova.html,"20.07, 10:00",невідомо,unknown,took place,not stated,не вказано,6 Aug
Ivano-Frankivsk,Suspilne (Івано-Франківськ),"""Ні репресіям військових"". Протести на Франківщині. День п'ятий",https://suspilne.media/ivano-frankivsk/1359752-ni-represiam-vijskovih-protesti-u-frankivsku-den-patij/,"20.07, 10:00",невідомо,unknown,took place,own correspondent,кореспондент Суспільного (Івано-Франківськ),6 Aug
Ivano-Frankivsk,Suspilne (Івано-Франківськ),У Тисмениці на Франківщині 20-річний чоловік на мотоциклі збив пішохода,https://suspilne.media/ivano-frankivsk/1359552-u-tismenici-na-frankivsini-20-ricnij-colovik-na-motocikli-zbiv-pisohoda/,"20.07, 10:00",невідомо,unknown,took place,own correspondent,кореспондент Суспільного (Івано-Франківськ),6 Aug
Ivano-Frankivsk,Укрінформ,У Єврокомісії прокоментували акції на підтримку Федорова - Укрінформ,https://www.ukrinform.ua/rubric-polytics/4146137-u-evrokomisii-prokomentuvali-akcii-na-pidtrimku-fedorova.html,"20.07, 10:00",невідомо,unknown,took place,not stated,не вказано,6 Aug
Izmail,Еспресо,П'ятий день протестів з вимогою повернути Федорова і звільнити Сирського. Організатор дав владі час до п'ятниці,https://espreso.tv/suspilstvo-pyatiy-den-protestiv-z-vimogoyu-povernuti-fedorova-i-zvilniti-sirskogo-organizator-dav-vladi-chas-do-pyatnitsi,"20.07, 10:00",невідомо,unknown,took place,not stated,не вказано,6 Aug
Kalush,Suspilne (Івано-Франківськ),"""Ні репресіям військових"". Протести на Франківщині. День п'ятий",https://suspilne.media/ivano-frankivsk/1359752-ni-represiam-vijskovih-protesti-u-frankivsku-den-patij/,"20.07, 10:00",«Ткач У Калуші понад 50 людей другий день поспіль зібралися біля будівлі районної державної адміністрації.»,<100,took place,relay,нацвипуск із посиланням на регіональну редакцію,6 Aug
Kharkiv,Телеканал Дім,"Відставка Федорова, новий прем'єр і мітинги: що відомо про перезавантаження уряду (ВІДЕО)",https://kanaldim.tv/vidstavka-fedorova-novyj-premyer-i-mityngy-shho-vidomo-pro-perezavantazhennya-uryadu-video/,"20.07, 10:00",невідомо,unknown,took place,not stated,не вказано,6 Aug
Kharkiv,Укрінформ,У Єврокомісії прокоментували акції на підтримку Федорова - Укрінформ,https://www.ukrinform.ua/rubric-polytics/4146137-u-evrokomisii-prokomentuvali-akcii-na-pidtrimku-fedorova.html,"20.07, 10:00",невідомо,unknown,took place,not stated,не вказано,6 Aug
Kharkiv,Укрінформ,У Києві та інших містах вже п’ятий день тривають протести - Укрінформ,https://www.ukrinform.ua/rubric-society/4146285-u-kievi-ta-insih-mistah-vze-patij-den-trivaut-protesti.html,"20.07, 10:00",невідомо,unknown,took place,not stated,не вказано,6 Aug
Khmelnytskyi,Укрінформ,У Єврокомісії прокоментували акції на підтримку Федорова - Укрінформ,https://www.ukrinform.ua/rubric-polytics/4146137-u-evrokomisii-prokomentuvali-akcii-na-pidtrimku-fedorova.html,"20.07, 10:00",невідомо,unknown,took place,not stated,не вказано,6 Aug
Kolomyia,Suspilne (Івано-Франківськ),"""Ні репресіям військових"". Протести на Франківщині. День п'ятий",https://suspilne.media/ivano-frankivsk/1359752-ni-represiam-vijskovih-protesti-u-frankivsku-den-patij/,"20.07, 10:00","«До 785-річчя Коломиї кондитерка Леся Кушнірук презентувала авторський торт міста 6 серпня, 17:44 В Івано-Франківську вперше провели малоінвазивну операцію немовляті.»",100–999,took place,relay,нацвипуск із посиланням на регіональну редакцію,6 Aug
Kolomyia,Suspilne (Івано-Франківськ),У Тисмениці на Франківщині 20-річний чоловік на мотоциклі збив пішохода,https://suspilne.media/ivano-frankivsk/1359552-u-tismenici-na-frankivsini-20-ricnij-colovik-na-motocikli-zbiv-pisohoda/,"20.07, 10:00","«До 785-річчя Коломиї кондитерка Леся Кушнірук презентувала авторський торт міста 6 серпня, 17:44 В Івано-Франківську вперше провели малоінвазивну операцію немовляті.»",100–999,took place,relay,нацвипуск із посиланням на регіональну редакцію,6 Aug
Kropyvnytskyi,Suspilne (Кропивницький),"""Щоб влада прийшла до свідомості"": п'ятий день протесту в Кропивницькому на підтримку ексміністра Федорова",https://suspilne.media/kropyvnytskiy/1359970-planuemo-i-zavtra-vihoditi-u-kropivnickomu-patij-den-mitinguvali-na-pidtrimku-eksministra-fedorova/,"20.07, 10:00",невідомо,unknown,took place,own correspondent,кореспондент Суспільного (Кропивницький),6 Aug
Kropyvnytskyi,Укрінформ,У Єврокомісії прокоментували акції на підтримку Федорова - Укрінформ,https://www.ukrinform.ua/rubric-polytics/4146137-u-evrokomisii-prokomentuvali-akcii-na-pidtrimku-fedorova.html,"20.07, 10:00",невідомо,unknown,took place,not stated,не вказано,6 Aug
Kyiv,Censor.NET,У Києві та інших містах п’ятий день тривають акції за повернення Федорова і відставку Сирського. ФОТОрепортаж,https://censor.net/ua/photonews/4014513/u-mistah-ukrayiny-tryvayut-aktsiyi-proty-vidstavky-fedorova,"20.07, 20:34",невідомо,unknown,took place,not stated,не вказано,6 Aug
Kyiv,DW,"Берлінська про Федорова і Сирського: ""Росіян це лише радує""",https://www.dw.com/uk/maria-berlinska-pro-fedorova-i-sirskogo-zelenskij-mae-diati-negajno-20072026/video-78040291,"20.07, 10:00",«У Києві тисячі людей знову вийшли за повернення Федорова Єдина протестна хода в Києві: тисячі людей вимагали повернення Михайла Федорова на посаду міністра оборони.»,1000–4999,took place,not stated,не вказано,6 Aug
Kyiv,LB.ua,Протести після звільнення Федорова: в разі відсутності реакції учасники розпочнуть безстрокові акції з 24 липня,https://lb.ua/society/2026/07/20/753180_protesti_pislya_zvilnennya.html,"20.07, 10:00",невідомо,unknown,took place,not stated,не вказано,6 Aug
Kyiv,NV,У Києві та інших містах люди знову зібрались на протест проти відставки Федорова,https://nv.ua/ukr/ukraine/events/protesti-na-ploshchi-franka-u-kiyevi-lyudi-znovu-zbirayutsya-na-protest-proti-vidstavki-fedorova-50625810.html,"20.07, 10:00",невідомо,unknown,took place,not stated,не вказано,6 Aug
Kyiv,News Telegraf,Протести не вщухають. Мітинги на підтримку Федорова заплановані у десятках міст,https://news.telegraf.com.ua/ukr/ukraina/5945726-protesty-ne-utikhayut-mitingi-v-podderzhku-fedorova-zaplanirovany-v-desyatkakh-gorodov,"20.07, 10:00",невідомо,unknown,took place,not stated,не вказано,6 Aug
Kyiv,OBOZ.UA,"""Федоров – міністр, Драпатий – головком"": у містах України п'ятий день поспіль тривають масові мітинги. Фото і відео",https://www.obozrevatel.com/ukr/novosti-obschestvo/fedorov-ministr-drapatij-golovkom-u-mistah-ukraini-pyatij-den-pospil-trivayut-masovi-mitingi-foto-i-video.htm,"20.07, 10:00",«Зокрема у Києві сотні людей зібралися на протести з картонними плакатами.»,100–999,took place,not stated,не вказано,6 Aug
Kyiv,Suspilne (Львів),У Львові відбулась мирна акція проти відставки Федорова: чого вимагають учасники,https://suspilne.media/lviv/1359876-u-lvovi-trivae-mirna-akcia-proti-vidstavki-fedorova-cogo-vimagaut-ucasniki/,"20.07, 10:00",невідомо,unknown,took place,relay,нацвипуск із посиланням на регіональну редакцію,6 Aug
Kyiv,Suspilne (Чернігів),"""Хочемо, щоб президент нас почув"": чернігівці протестують проти відставки Федорова та вимагають звільнення Сирського",https://suspilne.media/chernihiv/1359964-hocemo-sob-prezident-nas-pocuv-cernigivci-protestuut-proti-vidstavki-fedorova-ta-vimagaut-zvilnenna-sirskogo/,"20.07, 10:00",невідомо,unknown,took place,relay,нацвипуск із посиланням на регіональну редакцію,6 Aug
Kyiv,UA.NEWS,В Україні п'ятий день поспіль тривають протести проти відставки Федорова,https://ua.news/uA/ukraine/v-ukrayini-piatii-den-pospil-trivaiut-protesti-proti-vidstavki-fedorova,"20.07, 10:00",невідомо,unknown,took place,not stated,не вказано,6 Aug
Kyiv,informator.ua,Організатор Картонкового Майдану Козятинський поставив ультиматум щодо Сирського та Федорова - лишилося 4 дні,https://informator.ua/uk/organizator-kartonkovogo-maydanu-kozyatinskiy-postaviv-ultimatum-shchodo-sirskogo-ta-fedorova-lishilosya-4-dni,"20.07, 10:00",невідомо,unknown,took place,not stated,не вказано,6 Aug
Kyiv,Інтерфакс-Україна,"На площі Франка в Києві лишається лише кілька мітингувальників, комунальники прибрали майже всі картонки - Інтерфакс-Україна",https://interfax.com.ua/news/general/1186544.html,"20.07, 10:00",невідомо,unknown,took place,not stated,не вказано,6 Aug
Kyiv,Громадське,Понад 2 тисячі фото з різних міст: в Україні з'явився архів картонок із протестів за Федорова,https://hromadske.ua/lifestyle/267960-ponad-2-tysiachi-foto-z-riznykh-mist-v-ukrayini-ziavyvsia-arkhiv-kartonok-iz-protestiv-za-fedorova,"20.07, 10:00",невідомо,unknown,took place,not stated,не вказано,6 Aug
Kyiv,Еспресо,П'ятий день протестів з вимогою повернути Федорова і звільнити Сирського. Організатор дав владі час до п'ятниці,https://espreso.tv/suspilstvo-pyatiy-den-protestiv-z-vimogoyu-povernuti-fedorova-i-zvilniti-sirskogo-organizator-dav-vladi-chas-do-pyatnitsi,"20.07, 10:00","«За її словами, мітинг п'ятий день триває на площі Івана Франка в Києві — щодня на акцію підходять сотні людей, і натовп стає дедалі масовішим.»",100–999,took place,not stated,не вказано,6 Aug
Kyiv,РБК-Україна,"Сирський та Федоров в епіцентрі уваги: все, що відомо про конфлікт та наслідки - РБК-Україна",https://www.rbc.ua/rus/news/sirskiy-ta-fedorov-epitsentri-uvagi-vse-shcho-1784557681.html,"20.07, 10:00",невідомо,unknown,took place,not stated,не вказано,6 Aug
Kyiv,Суспільне (нац.),У Києві та регіонах пʼятий день протестують проти відставки Федорова,https://suspilne.media/1359926-u-kiivi-ta-regionah-patij-den-protestuut-proti-vidstavki-fedorova/,"20.07, 10:00",невідомо,unknown,took place,relay,нацвипуск із посиланням на регіональну редакцію,6 Aug
Kyiv,ТСН,"У Києві та інших містах уже п’ятий день тривають протести (фото, відео)",https://tsn.ua/politika/u-kyyevi-ta-inshykh-mistakh-vze-piatyy-den-tryvaiut-protesty-foto-video-3131831.html,"20.07, 10:00","«У Києві сотні людей, як і в попередні дні, зібралися на площі біля театру Франка.»",100–999,took place,not stated,не вказано,6 Aug
Kyiv,Телеканал Дім,"Відставка Федорова, новий прем'єр і мітинги: що відомо про перезавантаження уряду (ВІДЕО)",https://kanaldim.tv/vidstavka-fedorova-novyj-premyer-i-mityngy-shho-vidomo-pro-perezavantazhennya-uryadu-video/,"20.07, 10:00",невідомо,unknown,took place,not stated,не вказано,6 Aug
Kyiv,Укрінформ,У Єврокомісії прокоментували акції на підтримку Федорова - Укрінформ,https://www.ukrinform.ua/rubric-polytics/4146137-u-evrokomisii-prokomentuvali-akcii-na-pidtrimku-fedorova.html,"20.07, 10:00",невідомо,unknown,took place,not stated,не вказано,6 Aug
Kyiv,Укрінформ,У Києві та інших містах вже п’ятий день тривають протести - Укрінформ,https://www.ukrinform.ua/rubric-society/4146285-u-kievi-ta-insih-mistah-vze-patij-den-trivaut-protesti.html,"20.07, 10:00",невідомо,unknown,took place,not stated,не вказано,6 Aug
Lutsk,Suspilne (Луцьк),У Луцьку учасники акції протесту проти відставки Федорова влаштували пішу ходу,https://suspilne.media/lutsk/1359884-u-lucku-ucasniki-akcii-protestu-proti-vidstavki-fedorova-vlastuvali-pisu-hodu/,"20.07, 10:00",невідомо,unknown,took place,own correspondent,кореспондент Суспільного (Луцьк),6 Aug
Lutsk,UA.NEWS,В Україні п'ятий день поспіль тривають протести проти відставки Федорова,https://ua.news/uA/ukraine/v-ukrayini-piatii-den-pospil-trivaiut-protesti-proti-vidstavki-fedorova,"20.07, 10:00",невідомо,unknown,took place,not stated,не вказано,6 Aug
Lutsk,Еспресо,П'ятий день протестів з вимогою повернути Федорова і звільнити Сирського. Організатор дав владі час до п'ятниці,https://espreso.tv/suspilstvo-pyatiy-den-protestiv-z-vimogoyu-povernuti-fedorova-i-zvilniti-sirskogo-organizator-dav-vladi-chas-do-pyatnitsi,"20.07, 10:00",невідомо,unknown,took place,not stated,не вказано,6 Aug
Lutsk,Суспільне (нац.),У Києві та регіонах пʼятий день протестують проти відставки Федорова,https://suspilne.media/1359926-u-kiivi-ta-regionah-patij-den-protestuut-proti-vidstavki-fedorova/,"20.07, 10:00",невідомо,unknown,took place,relay,нацвипуск із посиланням на регіональну редакцію,6 Aug
Lutsk,Укрінформ,У Єврокомісії прокоментували акції на підтримку Федорова - Укрінформ,https://www.ukrinform.ua/rubric-polytics/4146137-u-evrokomisii-prokomentuvali-akcii-na-pidtrimku-fedorova.html,"20.07, 10:00",невідомо,unknown,took place,not stated,не вказано,6 Aug
Lviv,Censor.NET,У Києві та інших містах п’ятий день тривають акції за повернення Федорова і відставку Сирського. ФОТОрепортаж,https://censor.net/ua/photonews/4014513/u-mistah-ukrayiny-tryvayut-aktsiyi-proty-vidstavky-fedorova,"20.07, 20:34",невідомо,unknown,took place,not stated,не вказано,6 Aug
Lviv,UA.NEWS,В Україні п'ятий день поспіль тривають протести проти відставки Федорова,https://ua.news/uA/ukraine/v-ukrayini-piatii-den-pospil-trivaiut-protesti-proti-vidstavki-fedorova,"20.07, 10:00",невідомо,unknown,took place,not stated,не вказано,6 Aug
Lviv,ZAXID.NET,"Акція на підтримку Михайла Федорова 20 липня у Львові: як пройшов пʼятий день мітингу - фото, відео - ZAXID.NET",https://zaxid.net/aktsiya_na_pidtrimku_mihayla_fedorova_20_lipnya_u_lvovi_pyatiy_den_mitingu_foto_video_n1641942,"20.07, 10:00",невідомо,unknown,took place,own correspondent,власне видання,6 Aug
Lviv,Телеканал Дім,"Відставка Федорова, новий прем'єр і мітинги: що відомо про перезавантаження уряду (ВІДЕО)",https://kanaldim.tv/vidstavka-fedorova-novyj-premyer-i-mityngy-shho-vidomo-pro-perezavantazhennya-uryadu-video/,"20.07, 10:00",невідомо,unknown,took place,not stated,не вказано,6 Aug
Mukachevo,Suspilne (Ужгород),В Ужгороді та Мукачеві люди вкотре вийшли на мітинг на підтримку колишнього міністра оборони Михайла Федорова,https://suspilne.media/uzhhorod/1359894-v-uzgorodi-ta-mukacevi-ludi-vkotre-vijsli-na-miting-na-pidtrimku-kolisnogo-ministra-oboroni-mihajla-fedorova/,"20.07, 10:00",невідомо,unknown,took place,relay,нацвипуск із посиланням на регіональну редакцію,6 Aug
Mukachevo,Укрінформ,У Єврокомісії прокоментували акції на підтримку Федорова - Укрінформ,https://www.ukrinform.ua/rubric-polytics/4146137-u-evrokomisii-prokomentuvali-akcii-na-pidtrimku-fedorova.html,"20.07, 10:00",невідомо,unknown,took place,not stated,не вказано,6 Aug
Mykolaiv,Suspilne (Миколаїв),Миколаївці вшосте вийшли на мітинг проти звільнення міністра оборони Федорова,https://suspilne.media/mykolaiv/1359902-mikolaivci-vsoste-vijsli-na-miting-proti-zvilnenna-ministra-oboroni-fedorova/,"20.07, 10:00",невідомо,unknown,took place,own correspondent,кореспондент Суспільного (Миколаїв),6 Aug
Mykolaiv,Еспресо,П'ятий день протестів з вимогою повернути Федорова і звільнити Сирського. Організатор дав владі час до п'ятниці,https://espreso.tv/suspilstvo-pyatiy-den-protestiv-z-vimogoyu-povernuti-fedorova-i-zvilniti-sirskogo-organizator-dav-vladi-chas-do-pyatnitsi,"20.07, 10:00",«У Миколаєві на акцію вийшли близько 80 людей — уже вшосте.»,<100,took place,not stated,не вказано,6 Aug
Mykolaiv,Суспільне (нац.),У Києві та регіонах пʼятий день протестують проти відставки Федорова,https://suspilne.media/1359926-u-kiivi-ta-regionah-patij-den-protestuut-proti-vidstavki-fedorova/,"20.07, 10:00",невідомо,unknown,took place,relay,нацвипуск із посиланням на регіональну редакцію,6 Aug
Mykolaiv,Укрінформ,У Єврокомісії прокоментували акції на підтримку Федорова - Укрінформ,https://www.ukrinform.ua/rubric-polytics/4146137-u-evrokomisii-prokomentuvali-akcii-na-pidtrimku-fedorova.html,"20.07, 10:00",невідомо,unknown,took place,not stated,не вказано,6 Aug
Mykolaiv,Укрінформ,У Києві та інших містах вже п’ятий день тривають протести - Укрінформ,https://www.ukrinform.ua/rubric-society/4146285-u-kievi-ta-insih-mistah-vze-patij-den-trivaut-protesti.html,"20.07, 10:00","«*** У Миколаєві вечері у понеділок близько 80 людей, переважно молодь, зібралися в центрі міста і пройшлися пішохідною вулицею Соборною, повідомляє кореспондент Укрінформу .»",<100,took place,own correspondent,кореспондент Укрінформу,6 Aug
Odesa,Suspilne (Одеса),"""Ми маємо змінювати систему"": в Одесі п'ятий день поспіль проходить акція на підтримку Федорова",https://suspilne.media/odesa/1359940-mi-maemo-zminuvati-sistemu-v-odesi-patij-den-pospil-prohodit-akcia-na-pidtrimku-fedorova/,"20.07, 10:00",невідомо,unknown,took place,own correspondent,кореспондент Суспільного (Одеса),6 Aug
Odesa,Suspilne (Одеса),"""Не чіпай того, хто діє"": в Ізмаїлі молодь вийшла на акцію проти відставки ексміністра оборони Федорова",https://suspilne.media/odesa/1359966-ne-cipaj-togo-hto-die-v-izmaili-molod-vijsla-na-akciu-proti-vidstavki-eksministra-oboroni-fedorova/,"20.07, 10:00",невідомо,unknown,took place,own correspondent,кореспондент Суспільного (Одеса),6 Aug
Odesa,Еспресо,П'ятий день протестів з вимогою повернути Федорова і звільнити Сирського. Організатор дав владі час до п'ятниці,https://espreso.tv/suspilstvo-pyatiy-den-protestiv-z-vimogoyu-povernuti-fedorova-i-zvilniti-sirskogo-organizator-dav-vladi-chas-do-pyatnitsi,"20.07, 10:00",«В Одесі на акцію зібралися понад 150 людей.»,100–999,took place,not stated,не вказано,6 Aug
Odesa,Суспільне (нац.),У Києві та регіонах пʼятий день протестують проти відставки Федорова,https://suspilne.media/1359926-u-kiivi-ta-regionah-patij-den-protestuut-proti-vidstavki-fedorova/,"20.07, 10:00",невідомо,unknown,took place,relay,нацвипуск із посиланням на регіональну редакцію,6 Aug
Odesa,Укрінформ,У Єврокомісії прокоментували акції на підтримку Федорова - Укрінформ,https://www.ukrinform.ua/rubric-polytics/4146137-u-evrokomisii-prokomentuvali-akcii-na-pidtrimku-fedorova.html,"20.07, 10:00",невідомо,unknown,took place,not stated,не вказано,6 Aug
Oleksandriia,Suspilne (Кропивницький),У Кропивницькому та Олександрії мітингували на підтримку ексміністра оборони,https://suspilne.media/kropyvnytskiy/1359032-u-kropivnickomu-ta-oleksandrii-mitinguvali-na-pidtrimku-eksministra-oboroni,20.07,«В Олександрії о 17:00 25 людей зібралися на Соборній площі»,<100,took place,own correspondent,кореспондент Суспільного (Кропивницький),6 Aug
Poltava,Suspilne (Полтава),У Полтаві п'ятий день тривають мітинги проти звільнення Михайла Федорова,https://suspilne.media/poltava/1359978-u-poltavi-patij-den-trivaut-mitingi-proti-zvilnenna-mihajla-fedorova/,"20.07, 10:00",«Що відомо про акції протесту в Полтаві проти відставки міністра оборони Михайла Федорова На першу акцію протесту 16 липня жителі Полтави зібралися близько 9:00 на площі біля обласного театру імені Гоголя.»,<100,took place,own correspondent,кореспондент Суспільного (Полтава),6 Aug
Sheptytskyi,Район.Шептицький (rayon.in.ua),«Дайте міністру працювати»: у Шептицькому другий день поспіль містяни збираються на мітинг,https://sheptytskyi.rayon.in.ua/news/1087975-daite-ministru-praciuvati-u-septickomu-drugii-den-pospil-mistiani-zbiraiutsia-na-miting,20.07,"«Акцію провели 19 липня біля пам'ятника Тарасу Шевченку, передає Район.Шептицький»",unknown,took place,own correspondent,власне видання,6 Aug
Ternopil,Suspilne (Тернопіль),У Тернополі знову відбулася акція на підтримку Федорова,https://suspilne.media/ternopil/1359972-u-ternopoli-znovu-vidbuvaetsa-akcia-na-pidtrimku-fedorova/,"20.07, 10:00",невідомо,unknown,took place,own correspondent,кореспондент Суспільного (Тернопіль),6 Aug
Ternopil,Укрінформ,У Києві та інших містах вже п’ятий день тривають протести - Укрінформ,https://www.ukrinform.ua/rubric-society/4146285-u-kievi-ta-insih-mistah-vze-patij-den-trivaut-protesti.html,"20.07, 10:00",невідомо,unknown,took place,not stated,не вказано,6 Aug
Uzhhorod,Suspilne (Ужгород),В Ужгороді та Мукачеві люди вкотре вийшли на мітинг на підтримку колишнього міністра оборони Михайла Федорова,https://suspilne.media/uzhhorod/1359894-v-uzgorodi-ta-mukacevi-ludi-vkotre-vijsli-na-miting-na-pidtrimku-kolisnogo-ministra-oboroni-mihajla-fedorova/,"20.07, 10:00",невідомо,unknown,took place,own correspondent,кореспондент Суспільного (Ужгород),6 Aug
Uzhhorod,Суспільне (нац.),У Києві та регіонах пʼятий день протестують проти відставки Федорова,https://suspilne.media/1359926-u-kiivi-ta-regionah-patij-den-protestuut-proti-vidstavki-fedorova/,"20.07, 10:00",невідомо,unknown,took place,relay,нацвипуск із посиланням на регіональну редакцію,6 Aug
Uzhhorod,Укрінформ,У Єврокомісії прокоментували акції на підтримку Федорова - Укрінформ,https://www.ukrinform.ua/rubric-polytics/4146137-u-evrokomisii-prokomentuvali-akcii-na-pidtrimku-fedorova.html,"20.07, 10:00",невідомо,unknown,took place,not stated,не вказано,6 Aug
Vinnytsia,Vежа,У Вінниці тривають протести проти відставки Михайла Федорова з посади міністра оборони. ФОТОРЕПОРТАЖ,https://vezha.ua/u-vinnytsi-tryvayut-protesty-proty-vidstavky-myhajla-fedorova-z-posady-ministra-oborony-fotoreportazh/,"20.07, 12:23",невідомо,unknown,took place,own correspondent,власне видання,6 Aug
Vinnytsia,Укрінформ,У Єврокомісії прокоментували акції на підтримку Федорова - Укрінформ,https://www.ukrinform.ua/rubric-polytics/4146137-u-evrokomisii-prokomentuvali-akcii-na-pidtrimku-fedorova.html,"20.07, 10:00",невідомо,unknown,took place,not stated,не вказано,6 Aug
Vinnytsia,Фокус,"""Змініть командування"" та ""Радість для ворога"": як у Вінниці проходять протести (фото, відео)",https://focus.ua/uk/ukraine/761575-zminit-komanduvannya-ta-radist-dlya-voroga-yak-u-vinnici-prohodyat-protesti-foto-video,"20.07, 10:00",невідомо,unknown,took place,not stated,не вказано,6 Aug
Zhytomyr,Suspilne (Житомир),У Житомирі люди вп'яте вийшли на акцію проти звільнення Михайла Федорова з посади міністра оборони України,https://suspilne.media/zhytomyr/1359980-u-zitomiri-ludi-vpate-vijsli-na-akciu-proti-zvilnenna-mihajla-fedorova-z-posadi-ministra-oboroni-ukraini/,"20.07, 10:00",невідомо,unknown,took place,own correspondent,кореспондент Суспільного (Житомир),6 Aug
Dnipro,Dnipro.media,«Ми ж не просто вийшли картонки потримати»: як у Дніпрі проходила шоста акція проти відставки Федорова,https://www.dnipro.media/novyny-dnipro/my-zh-ne-prosto-vyjshly-kartonky-potrymaty-yak-u-dnipri-prohodyla-shosta-aktsiya-proty-vidstavky-fedorova/,"21.07, 10:00",невідомо,unknown,took place,own correspondent,власне видання,6 Aug
Dnipro,Suspilne (Дніпро),"""Стоїть військо — стоїмо й ми"". У Дніпрі продовжують мітингувати на підтримку Федорова та за відставку Сирського",https://suspilne.media/dnipro/1360824-u-dnipri-prodovzuut-mitinguvati-na-pidtrimku-fedorova-ta-za-vidstavku-sirskogo/,"21.07, 10:00",невідомо,unknown,took place,own correspondent,кореспондент Суспільного (Дніпро),6 Aug
Dnipro,Суспільне (нац.),В Україні тривають протести проти відставки Федорова. День шостий,https://suspilne.media/1360820-v-ukraini-trivaut-protesti-proti-vidstavki-fedorova-den-sostij/,"21.07, 10:00",невідомо,unknown,took place,relay,нацвипуск із посиланням на регіональну редакцію,6 Aug
Ivano-Frankivsk,OBOZ.UA,"""Сирського – геть"": у містах України шостий день поспіль тривають масові мітинги проти відставки Федорова. Фото і відео",https://www.obozrevatel.com/ukr/novosti-obschestvo/vlada-tse-narod-u-mistah-ukraini-shostij-den-pospil-trivayut-masovi-mitingi-proti-vidstavki-fedorova-foto-i-video.htm,"21.07, 10:00",невідомо,unknown,took place,not stated,не вказано,6 Aug
Ivano-Frankivsk,Suspilne (Івано-Франківськ),"""Поверніть Федорова"". Протести в Івано-Франківську тривають шостий день",https://suspilne.media/ivano-frankivsk/1360638-povernit-fedorova-protesti-v-ivano-frankivsku-trivaut-sostij-den/,"21.07, 10:00",невідомо,unknown,took place,own correspondent,кореспондент Суспільного (Івано-Франківськ),6 Aug
Ivano-Frankivsk,Суспільне (нац.),В Україні тривають протести проти відставки Федорова. День шостий,https://suspilne.media/1360820-v-ukraini-trivaut-protesti-proti-vidstavki-fedorova-den-sostij/,"21.07, 10:00",невідомо,unknown,took place,relay,нацвипуск із посиланням на регіональну редакцію,6 Aug
Kamianets-Podilskyi,Поділля News,У Хмельницькому п'ятий день поспіль протестували на підтримку Михайла Федорова,https://podillyanews.com/2026/07/21/u-hmelnytskomu-p-yatyj-den-pospil-protestuvaly-na-pidtrymku-myhajla-fedorova/,21.07,"«За інформацією видання ЖАР.INFO , у Кам’янці-Подільському протести тривають уже чотири дні поспіль.»",unknown,took place,relay,за інформацією видання ЖАР.INFO,6 Aug
Kharkiv,Suspilne (Харків),"""Поки немає впевненості і чікого рішення"". У Харкові шостий день поспіль проходить акція проти звільнення Федорова",https://suspilne.media/kharkiv/1360808-poki-nemae-vpevnenosti-i-cikogo-risenna-u-harkovi-sostij-den-pospil-prohodit-akcia-proti-zvilnenna-fedorova/,"21.07, 10:00",невідомо,unknown,took place,own correspondent,кореспондент Суспільного (Харків),6 Aug
Kharkiv,Суспільне (нац.),В Україні тривають протести проти відставки Федорова. День шостий,https://suspilne.media/1360820-v-ukraini-trivaut-protesti-proti-vidstavki-fedorova-den-sostij/,"21.07, 10:00",невідомо,unknown,took place,relay,нацвипуск із посиланням на регіональну редакцію,6 Aug
Kharkiv,Укрінформ,У Києві та інших містах шостий день тривають протести - Укрінформ,https://www.ukrinform.ua/rubric-society/4146641-u-kievi-ta-insih-mistah-sostij-den-trivaut-protesti.html,"21.07, 10:00",невідомо,unknown,took place,not stated,не вказано,6 Aug
Kolomyia,Suspilne (Івано-Франківськ),"""Поверніть Федорова"". Протести в Івано-Франківську тривають шостий день",https://suspilne.media/ivano-frankivsk/1360638-povernit-fedorova-protesti-v-ivano-frankivsku-trivaut-sostij-den/,"21.07, 10:00","«До 785-річчя Коломиї кондитерка Леся Кушнірук презентувала авторський торт міста 6 серпня, 17:44 В Івано-Франківську вперше провели малоінвазивну операцію немовляті.»",100–999,took place,relay,нацвипуск із посиланням на регіональну редакцію,6 Aug
Kyiv,24 Канал,П'ятий день поспіль: у Києві та інших містах люди зібралися на протести проти відставки Федорова,https://24tv.ua/protesti-proti-vidstavki-fedorova-20-lipnya-kiyani-zibralisya_n3109087,"21.07, 10:00",невідомо,unknown,took place,not stated,не вказано,6 Aug
Kyiv,LIGA.net,Зеленський заявив про звільнення Сирського. Новий головком – Драпатий,https://news.liga.net/ua/war/news/zelenskyy-zaiavyv-pro-zvilnennia-syrskoho,"21.07, 10:00",невідомо,unknown,took place,not stated,не вказано,6 Aug
Kyiv,OBOZ.UA,"""Сирського – геть"": у містах України шостий день поспіль тривають масові мітинги проти відставки Федорова. Фото і відео",https://www.obozrevatel.com/ukr/novosti-obschestvo/vlada-tse-narod-u-mistah-ukraini-shostij-den-pospil-trivayut-masovi-mitingi-proti-vidstavki-fedorova-foto-i-video.htm,"21.07, 10:00",«Зокрема у Києві сотні людей зібралися на протести з картонними плакатами.»,100–999,took place,not stated,не вказано,6 Aug
Kyiv,Suspilne (Львів),"""Влада — це народ"": шостий день мирної акції у Львові на підтримку Федорова",https://suspilne.media/lviv/1360810-vlada-ce-narod-sostij-den-mirnoi-akcii-u-lvovi-na-pidtrimku-fedorova/,"21.07, 10:00",невідомо,unknown,took place,relay,нацвипуск із посиланням на регіональну редакцію,6 Aug
Kyiv,Громадське,"Візит MAGA-блогерки до Києва, пост Командування Сил логістики з критикою Федорова та шостий день протестів — головне за 21 липня",https://hromadske.ua/viyna/268042-vizyt-maga-bloherky-do-kyyeva-post-komanduvannia-syl-lohistyky-z-krytykoiu-fedorova-ta-shostyy-den-protestiv-holovne-za-21-lypnia,"21.07, 10:00",невідомо,unknown,took place,not stated,не вказано,6 Aug
Kyiv,Новини.Live,У Києві знову відбувся мітинг проти відставки Федорова з посади міністра оборони,https://kyiv.novyny.live/u-kiievi-znovu-vidbuvsia-miting-proti-vidstavki-fedorova-z-posadi-ministra-oboroni-336497.html,"21.07, 10:00",невідомо,unknown,took place,not stated,не вказано,6 Aug
Kyiv,Слово і Діло,Зеленський оголосив про звільнення Сирського та призначення нового головкома ЗСУ (доповнено),https://www.slovoidilo.ua/2026/07/21/novyna/polityka/zelenskyj-oholosyv-pro-zvilnennya-syrskoho-ta-pryznachennya-novoho-holovkoma-zsu,"21.07, 10:00",невідомо,unknown,took place,not stated,не вказано,6 Aug
Kyiv,Слово і Діло,ЗМІ дізналися найімовірнішого кандидата на посаду Сирського у випадку його звільнення,https://www.slovoidilo.ua/2026/07/21/novyna/polityka/zmi-diznalysya-najimovirnishoho-kandydata-posadu-syrskoho-vypadku-joho-zvilnennya,"21.07, 10:00",невідомо,unknown,took place,not stated,не вказано,6 Aug
Kyiv,Суспільне (нац.),В Україні тривають протести проти відставки Федорова. День шостий,https://suspilne.media/1360820-v-ukraini-trivaut-protesti-proti-vidstavki-fedorova-den-sostij/,"21.07, 10:00",невідомо,unknown,took place,relay,нацвипуск із посиланням на регіональну редакцію,6 Aug
Kyiv,Суспільне (нац.),"В Україні п'ятий день тривають протести, Зеленський провів Ставку з командирами",https://suspilne.media/1360008-v-ukraini-patij-den-trivaut-protesti-zelenskij-proviv-stavku-z-komandirami-1609-den-vijni/,"21.07, 10:00",невідомо,unknown,took place,relay,нацвипуск із посиланням на регіональну редакцію,6 Aug
Kyiv,Суспільне (нац.),Зеленський звільнив Сирського з посади головкома ЗСУ і призначив замість нього Драпатого,https://suspilne.media/1359598-zelenskij-zvilniv-sirskogo-z-posadi-golovkoma-zsu-i-priznaciv-zamist-nogo-drapatogo/,"21.07, 10:00",невідомо,unknown,took place,relay,нацвипуск із посиланням на регіональну редакцію,6 Aug
Kyiv,Українська правда,В Україні шостий день поспіль тривають протести проти відставки Федорова,https://www.pravda.com.ua/news/2026/07/21/8045230/,"21.07, 10:00",невідомо,unknown,took place,not stated,не вказано,6 Aug
Kyiv,Укрінформ,У Києві та інших містах шостий день тривають протести - Укрінформ,https://www.ukrinform.ua/rubric-society/4146641-u-kievi-ta-insih-mistah-sostij-den-trivaut-protesti.html,"21.07, 10:00","«Як повідомляє Укрінформ із посиланням на Суспільне , у Києві на протест зібралося кілька сотень людей.»",100–999,took place,relay,повідомляє Укрінформ із посиланням на Суспільне,6 Aug
Lviv,i-vin.info,Як звільнення Федорова змінило країну: повна хронологія протестів і відставок - i-vin.info,https://i-vin.info/news/yak-zvilnennya-fedorova-zminilo-krayinu--povna-hronologiya-protestiv-i-vidstavok-16370.html,"21.07, 10:00",невідомо,unknown,took place,not stated,не вказано,6 Aug
Lviv,Львівський портал,«Криси люблять сир»: як у Львові минув шостий день протестів,https://portal.lviv.ua/news/2026/07/21/krysy-liubliat-syr-iak-u-lvovi-mynuv-shostyj-den-protestiv,"21.07, 10:00",невідомо,unknown,took place,own correspondent,власне видання,6 Aug
Lviv,Суспільне (нац.),В Україні тривають протести проти відставки Федорова. День шостий,https://suspilne.media/1360820-v-ukraini-trivaut-protesti-proti-vidstavki-fedorova-den-sostij/,"21.07, 10:00",невідомо,unknown,took place,relay,нацвипуск із посиланням на регіональну редакцію,6 Aug
Mukachevo,Suspilne (Ужгород),В Ужгороді шостий день триває акція на підтримку ексміністра оборони Михайла Федорова,https://suspilne.media/uzhhorod/1360804-v-uzgorodi-sostij-den-trivae-akcia-na-pidtrimku-eksministra-oboroni-mihajla-fedorova/,"21.07, 10:00",невідомо,unknown,took place,relay,нацвипуск із посиланням на регіональну редакцію,6 Aug
Mykolaiv,Suspilne (Миколаїв),У Миколаєві шостий день триває акція за кадрові зміни у військовому керівництві,https://suspilne.media/mykolaiv/1360778-u-mikolaevi-sostij-den-trivae-akcia-za-kadrovi-zmini-u-vijskovomu-kerivnictvi-foto/,"21.07, 10:00",невідомо,unknown,took place,own correspondent,кореспондент Суспільного (Миколаїв),6 Aug
Rivne,Suspilne (Рівне),Шостий день протесту: майже 100 людей зібралися у Рівному на підтримку Федорова та з закликом звільнити Сирського,https://suspilne.media/rivne/1360818-sostij-den-protestu-majze-100-ludej-zibralisa-u-rivnomu-na-pidtrimku-fedorova-ta-z-zaklikom-zvilniti-sirskogo/,"21.07, 10:00","«З вигуками ""Поверніть Федорова"" на Театральній площі у Рівному 21 липня зібралися майже 100 людей на мирну акцію на підтримку ексміністра оборони України Михайла Федорова.»",100–999,took place,own correspondent,кореспондент Суспільного (Рівне),6 Aug
Rivne,Суспільне (нац.),В Україні тривають протести проти відставки Федорова. День шостий,https://suspilne.media/1360820-v-ukraini-trivaut-protesti-proti-vidstavki-fedorova-den-sostij/,"21.07, 10:00",«На Театральній площі у Рівному 21 липня зібралися майже 100 людей на мирну акцію на підтримку ексміністра оборони України Михайла Федорова.»,100–999,took place,relay,нацвипуск із посиланням на регіональну редакцію,6 Aug
Sheptytskyi,Район.Шептицький (rayon.in.ua),У Шептицькому пройшов третій день акції через відставку Федорова,https://sheptytskyi.rayon.in.ua/news/1088571-u-septickomu-proisov-tretii-den-akcii-cerez-vidstavku-fedorova-iaka-poziciia-miskvikonkomu-shhodo-masovix,21.07,невідомо,unknown,took place,own correspondent,власне видання,6 Aug
Uzhhorod,Suspilne (Ужгород),В Ужгороді шостий день триває акція на підтримку ексміністра оборони Михайла Федорова,https://suspilne.media/uzhhorod/1360804-v-uzgorodi-sostij-den-trivae-akcia-na-pidtrimku-eksministra-oboroni-mihajla-fedorova/,"21.07, 10:00",невідомо,unknown,took place,own correspondent,кореспондент Суспільного (Ужгород),6 Aug
Uzhhorod,Суспільне (нац.),В Україні тривають протести проти відставки Федорова. День шостий,https://suspilne.media/1360820-v-ukraini-trivaut-protesti-proti-vidstavki-fedorova-den-sostij/,"21.07, 10:00",невідомо,unknown,took place,relay,нацвипуск із посиланням на регіональну редакцію,6 Aug
Zhytomyr,Suspilne (Житомир),Шостий день виходять на протест: акція у Житомирі проти звільнення Михайла Федорова з посади міністра оборони України,https://suspilne.media/zhytomyr/1360828-sostij-den-vihodat-na-protest-akcia-u-zitomiri-proti-zvilnenna-mihajla-fedorova-z-posadi-ministra-oboroni-ukraini/,"21.07, 10:00",невідомо,unknown,took place,own correspondent,кореспондент Суспільного (Житомир),6 Aug
Zhytomyr,Суспільне (нац.),В Україні тривають протести проти відставки Федорова. День шостий,https://suspilne.media/1360820-v-ukraini-trivaut-protesti-proti-vidstavki-fedorova-den-sostij/,"21.07, 10:00",невідомо,unknown,took place,relay,нацвипуск із посиланням на регіональну редакцію,6 Aug
Dnipro,Dnipro.media,У Дніпрі планують провести чергову акцію протесту проти відставки Михайла Федорова.,https://www.dnipro.media/novyny-dnipro/u-dnipri-planuyut-provesty-chergovu-aktsiyu-protestu-proty-vidstavky-myhajla-fedorova/,"22.07, 10:00",невідомо,unknown,took place,own correspondent,власне видання,6 Aug
Dnipro,Suspilne (Дніпро),Тиждень протестів у Дніпрі: містяни вимагають повернути Федорова на посаду міністра оборони,https://suspilne.media/dnipro/1361680-tizden-protestiv-u-dnipri-mistani-vimagaut-povernuti-fedorova-na-posadu-ministra-oboroni/,"22.07, 10:00",невідомо,unknown,took place,own correspondent,кореспондент Суспільного (Дніпро),6 Aug
Dnipro,Апостроф,Сьомий день протестів: у Києві та регіонах тривають акції проти відставки Федорова,https://apostrophe.ua/society/somij-den-protestiv-u-kijevi-ta-rehionakh-trivajut-aktsiji-proti-vidstavki-fedorova.html,"22.07, 22:49",невідомо,unknown,took place,not stated,не вказано,6 Aug
Ivano-Frankivsk,Suspilne (Івано-Франківськ),У Франківську сьомий день люди мітингують на підтримку ексміністра Федорова,https://suspilne.media/ivano-frankivsk/1361458-somij-den-u-frankivsku-ludi-mitinguut-na-pidtrimku-eksministra-fedorova/,"22.07, 10:00",«У Франківську на 17 день акцій до протестної ходи долучилися 200 людей Протести за Федорова.»,100–999,took place,own correspondent,кореспондент Суспільного (Івано-Франківськ),6 Aug
Ivano-Frankivsk,Інформатор (Івано-Франківськ),«Сучасна армія — сучасний міністр»: у Франківську вже сьомий день мітингують проти відставки Федорова - Інформатор Івано-Франківськ,https://if.informator.ua/2026/07/22/suchasna-armiya-suchasnyj-ministr-u-frankivsku-vzhe-somyj-den-mitynguyut-proty-vidstavky-fedorova/,"22.07, 10:00",невідомо,unknown,took place,own correspondent,власне видання,6 Aug
Kolomyia,Suspilne (Івано-Франківськ),У Франківську сьомий день люди мітингують на підтримку ексміністра Федорова,https://suspilne.media/ivano-frankivsk/1361458-somij-den-u-frankivsku-ludi-mitinguut-na-pidtrimku-eksministra-fedorova/,"22.07, 10:00","«До 785-річчя Коломиї кондитерка Леся Кушнірук презентувала авторський торт міста 6 серпня, 17:44 В Івано-Франківську вперше провели малоінвазивну операцію немовляті.»",100–999,took place,relay,нацвипуск із посиланням на регіональну редакцію,6 Aug
Kropyvnytskyi,NV,Сьомий день протестів: головна вимога людей — поновлення Михайла Федорова на посаді міністра оборони,https://nv.ua/ukr/ukraine/events/protesti-proti-vidstavki-mihayla-fedorova-akciji-u-mistah-ukrajini-trivayut-50626507.html,"22.07, 10:00",невідомо,unknown,took place,not stated,не вказано,6 Aug
Kropyvnytskyi,Suspilne (Кропивницький),"""Частково почули"": у Кропивницькому на мітингу вимагають повернути Федорова на посаду міністра оборони",https://suspilne.media/kropyvnytskiy/1361678-castkovo-poculi-u-kropivnickomu-somij-den-trivae-akcia-na-pidtrimku-mihajla-fedorova/,"22.07, 10:00",невідомо,unknown,took place,own correspondent,кореспондент Суспільного (Кропивницький),6 Aug
Kropyvnytskyi,Суспільне (нац.),У Києві та регіонах сьомий день тривають протести проти відставки Федорова з посади міністра оборони,https://suspilne.media/1361730-u-kievi-ta-regionah-somij-den-trivaut-protesti-proti-vidstavki-fedorova-z-posadi-ministra-oboroni/,"22.07, 10:00",невідомо,unknown,took place,relay,нацвипуск із посиланням на регіональну редакцію,6 Aug
Kyiv,Finteco.com.ua,Зеленський звільнив Сирського: новим головкомом ЗСУ стане Драпатий,https://finteco.com.ua/article/43704-zelenskyy-zvilnyv-syrskoho-novym-holovkomom-zsu-stane-drapatyy/,"22.07, 10:00",невідомо,unknown,took place,not stated,не вказано,6 Aug
Kyiv,Korrespondent.net,Повернути Федорова: в Україні тривають протести,https://ua.korrespondent.net/ukraine/4896448-povernuty-fedorova-v-ukraini-tryvauit-protesty,"22.07, 10:00","«У Києві, за даними Суспільне , зібралося близько 500 людей.»",100–999,took place,relay,за даними Суспільне,6 Aug
Kyiv,LIGA.net,"""Ще треба повернути Федорова"": один з ініціаторів протестів прокоментував звільнення Сирського",https://news.liga.net/ua/society/news/shche-treba-povernuty-fedorova-odyn-z-initsiatoriv-protestiv-pro-zvilnennia-syrskoho,"22.07, 10:00",невідомо,unknown,took place,not stated,не вказано,6 Aug
Kyiv,NV,Сьомий день протестів: головна вимога людей — поновлення Михайла Федорова на посаді міністра оборони,https://nv.ua/ukr/ukraine/events/protesti-proti-vidstavki-mihayla-fedorova-akciji-u-mistah-ukrajini-trivayut-50626507.html,"22.07, 10:00",невідомо,unknown,took place,not stated,не вказано,6 Aug
Kyiv,Suspilne (Львів),"""Поверніть Федорова"": сьомий день мирної акції у Львові на підтримку Михайла Федорова",https://suspilne.media/lviv/1361636-povernit-fedorova-somij-den-mirnoi-akcii-u-lvovi-na-pidtrimku-mihajla-fedorova/,"22.07, 10:00",невідомо,unknown,took place,relay,нацвипуск із посиланням на регіональну редакцію,6 Aug
Kyiv,Апостроф,Сьомий день протестів: у Києві та регіонах тривають акції проти відставки Федорова,https://apostrophe.ua/society/somij-den-protestiv-u-kijevi-ta-rehionakh-trivajut-aktsiji-proti-vidstavki-fedorova.html,"22.07, 22:49",«У Києві на акцію зібралося близько пів тисячі людей.»,100–999,took place,not stated,не вказано,6 Aug
Kyiv,Громадське,У Києві та інших українських містах уже сьомий день тривають протести проти відставки Федорова,https://hromadske.ua/suspilstvo/268103-u-kyyevi-ta-inshykh-ukrayinskykh-mistakh-uze-syomyy-den-tryvaiut-protesty-proty-vidstavky-fedorova,"22.07, 10:00",«У Києві зібралося близько 500 людей.»,100–999,took place,not stated,не вказано,6 Aug
Kyiv,РБК-Україна,Під тиском вулиці. Чому Зеленський звільнив Сирського і що запропонував Федорову - РБК-Україна,https://www.rbc.ua/rus/news/pid-tiskom-vulitsi-chomu-zelenskiy-zvilniv-1784671126.html,"22.07, 10:00",невідомо,unknown,took place,not stated,не вказано,6 Aug
Kyiv,Суспільне (нац.),У Києві та регіонах сьомий день тривають протести проти відставки Федорова з посади міністра оборони,https://suspilne.media/1361730-u-kievi-ta-regionah-somij-den-trivaut-protesti-proti-vidstavki-fedorova-z-posadi-ministra-oboroni/,"22.07, 10:00","«У Києві зібралося близько 500 людей, повідомляє кореспондентка Суспільного.»",100–999,took place,relay,нацвипуск із посиланням на регіональну редакцію,6 Aug
Kyiv,Українська правда,"""Є ще одна вимога"": у Києві протестувальників закликають виходити на мітинг за повернення Федорова",https://www.pravda.com.ua/news/2026/07/22/8045359/,"22.07, 10:00",невідомо,unknown,took place,not stated,не вказано,6 Aug
Kyiv,Українська правда,На сьомий день люди знову вийшли на мітинги проти відставки Федорова з посади міністра оборони,https://www.pravda.com.ua/news/2026/07/22/8045428/,"22.07, 10:00","«Джерело : "" Суспільне "" Деталі : Журналістка ""Суспільного"" передає, що в Києві зібралося близько 500 людей.»",100–999,took place,own correspondent,не вказано,6 Aug
Lviv,NV,Сьомий день протестів: головна вимога людей — поновлення Михайла Федорова на посаді міністра оборони,https://nv.ua/ukr/ukraine/events/protesti-proti-vidstavki-mihayla-fedorova-akciji-u-mistah-ukrajini-trivayut-50626507.html,"22.07, 10:00",невідомо,unknown,took place,not stated,не вказано,6 Aug
Lviv,Suspilne (Львів),"""Поверніть Федорова"": сьомий день мирної акції у Львові на підтримку Михайла Федорова",https://suspilne.media/lviv/1361636-povernit-fedorova-somij-den-mirnoi-akcii-u-lvovi-na-pidtrimku-mihajla-fedorova/,"22.07, 10:00",невідомо,unknown,took place,own correspondent,кореспондент Суспільного (Львів),6 Aug
Lviv,Апостроф,Сьомий день протестів: у Києві та регіонах тривають акції проти відставки Федорова,https://apostrophe.ua/society/somij-den-protestiv-u-kijevi-ta-rehionakh-trivajut-aktsiji-proti-vidstavki-fedorova.html,"22.07, 22:49",невідомо,unknown,took place,not stated,не вказано,6 Aug
Lviv,Суспільне (нац.),У Києві та регіонах сьомий день тривають протести проти відставки Федорова з посади міністра оборони,https://suspilne.media/1361730-u-kievi-ta-regionah-somij-den-trivaut-protesti-proti-vidstavki-fedorova-z-posadi-ministra-oboroni/,"22.07, 10:00",невідомо,unknown,took place,relay,нацвипуск із посиланням на регіональну редакцію,6 Aug
Mykolaiv,Suspilne (Миколаїв),Миколаївці вкотре вийшли на мітинг проти звільнення міністра оборони Федорова,https://suspilne.media/mykolaiv/1361696-mikolaivci-vcergove-vijsli-na-miting-proti-zvilnenna-ministra-oboroni-fedorova-foto/,"22.07, 10:00","До заходу долучилися 30 людей, повідомили в поліції діалогу.",<100,took place,police,поліція діалогу через репортаж Суспільного (Миколаїв),6 Aug
Mykolaiv,Суспільне (нац.),У Києві та регіонах сьомий день тривають протести проти відставки Федорова з посади міністра оборони,https://suspilne.media/1361730-u-kievi-ta-regionah-somij-den-trivaut-protesti-proti-vidstavki-fedorova-z-posadi-ministra-oboroni/,"22.07, 10:00",невідомо,unknown,took place,relay,нацвипуск із посиланням на регіональну редакцію,6 Aug
Uzhhorod,Suspilne (Ужгород),В Ужгороді сьомий день триває акція на підтримку ексміністра оборони Михайла Федорова,https://suspilne.media/uzhhorod/1361708-v-uzgorodi-somij-den-trivae-akcia-na-pidtrimku-eksministra-oboroni-mihajla-fedorova/,"22.07, 10:00",невідомо,unknown,took place,own correspondent,кореспондент Суспільного (Ужгород),6 Aug
Uzhhorod,Суспільне (нац.),У Києві та регіонах сьомий день тривають протести проти відставки Федорова з посади міністра оборони,https://suspilne.media/1361730-u-kievi-ta-regionah-somij-den-trivaut-protesti-proti-vidstavki-fedorova-z-posadi-ministra-oboroni/,"22.07, 10:00",невідомо,unknown,took place,relay,нацвипуск із посиланням на регіональну редакцію,6 Aug
Dnipro,24 Канал,"""Поверніть Федорова"": у низці міст України мітинги тривають восьмий день поспіль",https://24tv.ua/mitingi-pidtrimku-fedorova-23-lipnya-ukrayintsi-znovu-zibralisya_n3111022,"23.07, 10:00",невідомо,unknown,took place,not stated,не вказано,6 Aug
Dnipro,LB.ua,В Києві та інших містах сьомий день поспіль тривають протести після відставки Михайла Федорова (фото),https://lb.ua/society/2026/07/23/753814_kiievi_inshih_mistah_somiy_den.html,"23.07, 10:00",невідомо,unknown,took place,not stated,не вказано,6 Aug
Dnipro,OBOZ.UA,"""Що там по Федорову?"" Восьмий день в Україні тривають масові мітинги. Фото",https://www.obozrevatel.com/ukr/novosti-obschestvo/scho-tam-po-fedorovu-vosmij-den-v-ukraini-trivayut-masovi-mitingi-foto.htm,"23.07, 10:00",невідомо,unknown,took place,not stated,не вказано,6 Aug
Dnipro,Suspilne (Дніпро),"""Хочемо, аби на посаді міністра оборони була ефективна людина"". Дніпряни мітингують восьмий день поспіль",https://suspilne.media/dnipro/1362562-hocemo-abi-na-posadi-ministra-oboroni-bula-efektivna-ludina-dniprani-mitinguut-vosmij-den-pospil/,"23.07, 10:00",невідомо,unknown,took place,own correspondent,кореспондент Суспільного (Дніпро),6 Aug
Ivano-Frankivsk,24 Канал,"""Поверніть Федорова"": у низці міст України мітинги тривають восьмий день поспіль",https://24tv.ua/mitingi-pidtrimku-fedorova-23-lipnya-ukrayintsi-znovu-zibralisya_n3111022,"23.07, 10:00",невідомо,unknown,took place,not stated,не вказано,6 Aug
Ivano-Frankivsk,Suspilne (Івано-Франківськ),У Франківську восьмий день поспіль мітингують проти відставки ексміністра оборони Михайла Федорова,https://suspilne.media/ivano-frankivsk/1362368-u-frankivsku-vosmij-den-pospil-mitinguut-proti-vidstavki-eksministra-oboroni-mihajla-fedorova/,"23.07, 10:00",«У Франківську на 17 день акцій до протестної ходи долучилися 200 людей Протести за Федорова.»,100–999,took place,own correspondent,кореспондент Суспільного (Івано-Франківськ),6 Aug
Ivano-Frankivsk,Інформатор (Івано-Франківськ),Яким був восьмий день протесту щодо відставки Федорова у Франківську (ФОТО) - Інформатор Івано-Франківськ,https://if.informator.ua/2026/07/23/yakym-buv-vosmyj-den-protestu-shhodo-vidstavky-fedorova-u-frankivsku-foto/,"23.07, 19:30",невідомо,unknown,took place,own correspondent,власне видання,6 Aug
Kharkiv,24 Канал,"""Поверніть Федорова"": у низці міст України мітинги тривають восьмий день поспіль",https://24tv.ua/mitingi-pidtrimku-fedorova-23-lipnya-ukrayintsi-znovu-zibralisya_n3111022,"23.07, 10:00",невідомо,unknown,took place,not stated,не вказано,6 Aug
Kolomyia,Suspilne (Івано-Франківськ),У Франківську восьмий день поспіль мітингують проти відставки ексміністра оборони Михайла Федорова,https://suspilne.media/ivano-frankivsk/1362368-u-frankivsku-vosmij-den-pospil-mitinguut-proti-vidstavki-eksministra-oboroni-mihajla-fedorova/,"23.07, 10:00","«До 785-річчя Коломиї кондитерка Леся Кушнірук презентувала авторський торт міста 6 серпня, 17:44 В Івано-Франківську вперше провели малоінвазивну операцію немовляті.»",100–999,took place,relay,нацвипуск із посиланням на регіональну редакцію,6 Aug
Kropyvnytskyi,LB.ua,В Києві та інших містах сьомий день поспіль тривають протести після відставки Михайла Федорова (фото),https://lb.ua/society/2026/07/23/753814_kiievi_inshih_mistah_somiy_den.html,"23.07, 10:00",невідомо,unknown,took place,not stated,не вказано,6 Aug
Kropyvnytskyi,Перша електронна газета,У Кропивницькому сьомий день протестують проти відставки Федорова (ФОТО),https://persha.kr.ua/news/life/284171-u-kropyvnyczjkomu-sjomyj-denj-protestuyutj-proty-vidstavky-fedorova-foto/,"23.07, 10:09",невідомо,unknown,took place,not stated,не вказано,6 Aug
Kyiv,24 Канал,"""Поверніть Федорова"": у низці міст України мітинги тривають восьмий день поспіль",https://24tv.ua/mitingi-pidtrimku-fedorova-23-lipnya-ukrayintsi-znovu-zibralisya_n3111022,"23.07, 10:00",невідомо,unknown,took place,not stated,не вказано,6 Aug
Kyiv,LB.ua,В Києві та інших містах сьомий день поспіль тривають протести після відставки Михайла Федорова (фото),https://lb.ua/society/2026/07/23/753814_kiievi_inshih_mistah_somiy_den.html,"23.07, 10:00",«У Києві зібралося близько 500 людей.»,100–999,took place,not stated,не вказано,6 Aug
Kyiv,LIGA.net,"Нардеп Рахманін пояснив, який протест може бути виправданий під час війни",https://news.liga.net/ua/politics/news/nardep-rakhmanin-poiasnyv-iakyy-protest-mozhe-buty-vypravdanyy-pid-chas-viyny,"23.07, 10:00",невідомо,unknown,took place,not stated,не вказано,6 Aug
Kyiv,NV,"У Києві та інших містах восьмий день поспіль тривають протести: вимагають повернути Федорова та замінити Кіма — фото, відео",https://nv.ua/ukr/ukraine/events/protesti-za-povernennya-fedorova-23-lipnya-akciji-po-ukrajini-trivayut-vosmiy-den-50626810.html,"23.07, 21:28","«За інформацією кореспондента видання, у Києві на акцію протесту зібралося кілька сотень людей.»",100–999,took place,own correspondent,кореспондента видання,6 Aug
Kyiv,OBOZ.UA,"""Що там по Федорову?"" Восьмий день в Україні тривають масові мітинги. Фото",https://www.obozrevatel.com/ukr/novosti-obschestvo/scho-tam-po-fedorovu-vosmij-den-v-ukraini-trivayut-masovi-mitingi-foto.htm,"23.07, 10:00",невідомо,unknown,took place,not stated,не вказано,6 Aug
Kyiv,Suspilne (Львів),"""Федоров — у Міністерство оборони"": львів'яни восьмий день поспіль вийшли на мирну акцію",https://suspilne.media/lviv/1362568-fedorov-v-ministerstvo-oboroni-lvivani-vosmij-den-pospil-vijsli-na-mirnu-akciu/,"23.07, 10:00",невідомо,unknown,took place,relay,нацвипуск із посиланням на регіональну редакцію,6 Aug
Kyiv,Громадське,"Федоров відкидає пропозиції Зеленського і прагне повернутися в Міноборони, а Сирський і Гнатов передаватимуть досвід новому головкому — головне за 23 липня",https://hromadske.ua/ukrayina/268172-fedorov-vidkydaye-propozytsiyi-zelenskoho-i-prahne-povernutysia-v-minoborony-a-syrskyy-i-hnatov-peredavatymut-dosvid-novomu-holovkomu-holovne-za-23-lypnia,"23.07, 10:00",невідомо,unknown,took place,not stated,не вказано,6 Aug
Kyiv,Радіо Свобода,У Києві люди знову вийшли на протест з вимогою повернення Федорова,https://www.radiosvoboda.org/a/news-kyyiv-protest-fedorov/33810877.html,"23.07, 10:00",невідомо,unknown,took place,not stated,не вказано,6 Aug
Kyiv,Суспільне (нац.),У Києві та інших містах восьмий день тривають протести на підтримку Федорова,https://suspilne.media/1362586-u-kievi-ta-insih-mistah-vosmij-den-trivaut-protesti-na-pidtrimku-fedorova/,"23.07, 10:00","«У Києві зібралося кілька сотень людей, повідомляє кореспондентка Суспільного.»",100–999,took place,relay,нацвипуск із посиланням на регіональну редакцію,6 Aug
Kyiv,Українська правда,У Києві восьмий день тривають мітинги: з’явилась вимога зняти Кіма з Мінветеранів,https://www.pravda.com.ua/news/2026/07/23/8045612/,"23.07, 10:00",невідомо,unknown,took place,not stated,не вказано,6 Aug
Lutsk,OBOZ.UA,"""Що там по Федорову?"" Восьмий день в Україні тривають масові мітинги. Фото",https://www.obozrevatel.com/ukr/novosti-obschestvo/scho-tam-po-fedorovu-vosmij-den-v-ukraini-trivayut-masovi-mitingi-foto.htm,"23.07, 10:00",невідомо,unknown,took place,not stated,не вказано,6 Aug
Lutsk,Suspilne (Луцьк),Чи відновляться у Луцьку акції протесту на підтримку Федорова,https://suspilne.media/lutsk/1362386-ci-vidnovlatsa-u-lucku-akcii-protestu-na-pidtrimku-fedorova/,"23.07, 10:00",невідомо,unknown,took place,own correspondent,кореспондент Суспільного (Луцьк),6 Aug
Lviv,24 Канал,"""Поверніть Федорова"": у низці міст України мітинги тривають восьмий день поспіль",https://24tv.ua/mitingi-pidtrimku-fedorova-23-lipnya-ukrayintsi-znovu-zibralisya_n3111022,"23.07, 10:00",невідомо,unknown,took place,not stated,не вказано,6 Aug
Lviv,LB.ua,В Києві та інших містах сьомий день поспіль тривають протести після відставки Михайла Федорова (фото),https://lb.ua/society/2026/07/23/753814_kiievi_inshih_mistah_somiy_den.html,"23.07, 10:00",невідомо,unknown,took place,not stated,не вказано,6 Aug
Mykolaiv,LB.ua,В Києві та інших містах сьомий день поспіль тривають протести після відставки Михайла Федорова (фото),https://lb.ua/society/2026/07/23/753814_kiievi_inshih_mistah_somiy_den.html,"23.07, 10:00",невідомо,unknown,took place,not stated,не вказано,6 Aug
Mykolaiv,Suspilne (Миколаїв),"Попри зміну головнокомандувача, у Миколаєві продовжують акцію на підтримку Федорова",https://suspilne.media/mykolaiv/1362540-popri-zminu-golovnokomanduvaca-u-mikolaevi-prodovzuut-akciu-na-pidtrimku-fedorova/,"23.07, 10:00",невідомо,unknown,took place,own correspondent,кореспондент Суспільного (Миколаїв),6 Aug
Odesa,24 Канал,"""Поверніть Федорова"": у низці міст України мітинги тривають восьмий день поспіль",https://24tv.ua/mitingi-pidtrimku-fedorova-23-lipnya-ukrayintsi-znovu-zibralisya_n3111022,"23.07, 10:00",невідомо,unknown,took place,not stated,не вказано,6 Aug
Ternopil,20 хвилин (Тернопіль),Люди продовжують виходи на мітинги у підтримку Федорова в Тернополі - 20 хвилин,https://te.20minut.ua/Podii/lyudi-prodovzhuyut-vihodi-na-mitingi-u-pidtrimku-fedorova-v-ternopoli-12002586.html,"23.07, 10:00",невідомо,unknown,took place,own correspondent,власне видання,6 Aug
Uzhhorod,LB.ua,В Києві та інших містах сьомий день поспіль тривають протести після відставки Михайла Федорова (фото),https://lb.ua/society/2026/07/23/753814_kiievi_inshih_mistah_somiy_den.html,"23.07, 10:00",невідомо,unknown,took place,not stated,не вказано,6 Aug
Cherkasy,Suspilne (Черкаси),«Ми терпляче виходимо»: у Черкасах зібралися на акцію на підтримку Федорова,https://suspilne.media/cherkasy/1363434-u-cerkasah-vijsli-na-akciu-na-pidtrimku-fedorova/,"24.07, 10:00",«Зозуля Близько 150 людей вийшли на Соборну площу у Черкасах .»,100–999,took place,own correspondent,кореспондент Суспільного (Черкаси),6 Aug
Chernihiv,Suspilne (Чернігів),«Ефективних людей під час війни не звільняють»: у Чернігові пройшла чергова акція на підтримку Михайла Федорова,https://suspilne.media/chernihiv/1363478-efektivnih-ludej-pid-cas-vijni-ne-zvilnaut-u-cernigovi-projsla-cergova-akcia-na-pidtrimku-mihajla-fedorova/,"24.07, 10:00",невідомо,unknown,took place,own correspondent,кореспондент Суспільного (Чернігів),6 Aug
Chernihiv,Суспільне (нац.),У Києві та регіонах девʼятий день тривають протести проти відставки Федорова з посади міністра оборони,https://suspilne.media/1363460-u-kievi-ta-regionah-devatij-den-trivaut-protesti-proti-vidstavki-fedorova-z-posadi-ministra-oboroni/,"24.07, 10:00",невідомо,unknown,took place,relay,нацвипуск із посиланням на регіональну редакцію,6 Aug
Dnipro,Suspilne (Дніпро),«Без МО – немає реформ». У Дніпрі девʼятий день мітингу проти відставки Михайла Федорова,https://suspilne.media/dnipro/1363438-bez-mo-nemae-reform-u-dnipri-devatij-den-mitingu-proti-vidstavki-mihajla-fedorova/,"24.07, 10:00",невідомо,unknown,took place,own correspondent,кореспондент Суспільного (Дніпро),6 Aug
Ivano-Frankivsk,Censor.NET,"""Поверніть ефективного міністра"": протести проти відставки Федорова дев’ятий день тривають у містах України. ФОТОрепортаж",https://censor.net/ua/news/4015261/u-mistah-ukrayiny-prodovjuyutsya-protesty-cherez-zvilnennya-fedorova,"24.07, 10:00",невідомо,unknown,took place,not stated,не вказано,6 Aug
Ivano-Frankivsk,OBOZ.UA,"""Федоров – МО. На менше не згодні"": у містах України дев'ятий день поспіль тривають масові мітинги. Фото та відео",https://www.obozrevatel.com/ukr/novosti-obschestvo/fedorov-mo-na-menshe-ne-zgodni-u-mistah-ukraini-devyatij-den-pospil-trivayut-masovi-mitingi-foto-ta-video.htm,"24.07, 10:00",невідомо,unknown,took place,not stated,не вказано,6 Aug
Ivano-Frankivsk,Suspilne (Івано-Франківськ),У Франківську продовжуються протести проти відставки ексміністра оборони Федорова,https://suspilne.media/ivano-frankivsk/1363180-u-frankivsku-prodovzuutsa-protesti-proti-vidstavki-eksministra-oboroni-fedorova/,"24.07, 10:00",«У Франківську на 17 день акцій до протестної ходи долучилися 200 людей Протести за Федорова.»,100–999,took place,own correspondent,кореспондент Суспільного (Івано-Франківськ),6 Aug
Ivano-Frankivsk,Інформатор (Івано-Франківськ),Мешканці Франківська продовжують мітингувати на підтримку Федорова (ФОТО) - Інформатор Івано-Франківськ,https://if.informator.ua/2026/07/24/meshkanczi-frankivska-prodovzhuyut-mitynguvaty-na-pidtrymku-fedorova-foto/,"24.07, 19:30",невідомо,unknown,took place,own correspondent,власне видання,6 Aug
Ivano-Frankivsk,Суспільне (нац.),У Києві та регіонах девʼятий день тривають протести проти відставки Федорова з посади міністра оборони,https://suspilne.media/1363460-u-kievi-ta-regionah-devatij-den-trivaut-protesti-proti-vidstavki-fedorova-z-posadi-ministra-oboroni/,"24.07, 10:00",невідомо,unknown,took place,relay,нацвипуск із посиланням на регіональну редакцію,6 Aug
Kharkiv,24 Канал,Уже 9-й день тривають протести: люди вимагають повернути Федорова на посаду міністра оборони,https://24tv.ua/vzhe-9-den-trivayut-protesti-lyudi-vimagayut-povernuti-fedorova_n3111638,"24.07, 20:46",невідомо,unknown,took place,not stated,не вказано,6 Aug
Kharkiv,Suspilne (Харків),«Джерело влади в Україні — народ»: як минув дев'ятий день акції протесту проти звільнення Федорова у Харкові,https://suspilne.media/kharkiv/1363492-devatij-den-akcii-protestu-proti-zvilnenna-fedorova-u-harkovi-ak-ce-bulo/,"24.07, 10:00",невідомо,unknown,took place,own correspondent,кореспондент Суспільного (Харків),6 Aug
Kharkiv,Новини.LIVE,В Україні вдев'яте відбулися мітинги за повернення Федорова на посаду міністра оборони,https://news.novyny.live/v-ukrayini-vdeviate-vidbulisia-mitingi-za-povernennia-fedorova-na-posadu-ministra-oboroni-337012.html,"25.07, 02:25",невідомо,unknown,took place,not stated,не вказано,6 Aug
Kharkiv,Суспільне (нац.),У Києві та регіонах девʼятий день тривають протести проти відставки Федорова з посади міністра оборони,https://suspilne.media/1363460-u-kievi-ta-regionah-devatij-den-trivaut-protesti-proti-vidstavki-fedorova-z-posadi-ministra-oboroni/,"24.07, 10:00","«У Харкові у п'ятницю, 24 липня, близько 250 людей вийшли на майдан Свободи з вимогою повернути Михайла Федорова на посаду міністра оборони.»",100–999,took place,relay,нацвипуск із посиланням на регіональну редакцію,6 Aug
Khmelnytskyi,24 Канал,Уже 9-й день тривають протести: люди вимагають повернути Федорова на посаду міністра оборони,https://24tv.ua/vzhe-9-den-trivayut-protesti-lyudi-vimagayut-povernuti-fedorova_n3111638,"24.07, 20:46",невідомо,unknown,took place,not stated,не вказано,6 Aug
Kolomyia,Suspilne (Івано-Франківськ),У Франківську продовжуються протести проти відставки ексміністра оборони Федорова,https://suspilne.media/ivano-frankivsk/1363180-u-frankivsku-prodovzuutsa-protesti-proti-vidstavki-eksministra-oboroni-fedorova/,"24.07, 10:00","«До 785-річчя Коломиї кондитерка Леся Кушнірук презентувала авторський торт міста 6 серпня, 17:44 В Івано-Франківську вперше провели малоінвазивну операцію немовляті.»",100–999,took place,relay,нацвипуск із посиланням на регіональну редакцію,6 Aug
Kremenchuk,Кременчуцька газета,У Кременчуці знову тривають мітинги: вимагають повернути Федорова до Міноборони та звільнення Кіма,https://kg.ua/news/kremenchuk-ta-regioni/u-kremenchuci-znovu-trivayut-mitingi-vimagayut-povernuti-fedorova-do,"24.07, 17:20",невідомо,unknown,took place,own correspondent,власне видання,6 Aug
Kremenchuk,Кременчуцький Телеграф,У Кременчуці знову під мерією зібрались люди з картонками,https://www.telegraf.in.ua/topnews/u-kremenchuczi-znovu-pid-meriyeyu-zibralys-lyudy-z-kartonkamy.html,"24.07, 20:28",невідомо,unknown,took place,own correspondent,власне видання,6 Aug
Kropyvnytskyi,Гречка (Кропивницький),«Змінити рішення — це не слабкість»: хто і чому у Кропивницькому девʼятий день протестує - Гречка,https://gre4ka.info/suspilstvo/zminyty-rishennya-cze-ne-slabkist-chomu-u-kropyvnyczkomu-dev%CA%BCyatyj-den-protesty/,"24.07, 20:43",невідомо,unknown,took place,own correspondent,власне видання,6 Aug
Kropyvnytskyi,Укрінформ,У Києві та інших містах проходять мітинги на підтримку Федорова - Укрінформ,https://www.ukrinform.ua/rubric-society/4147751-u-kievi-ta-insih-mistah-prohodat-mitingi-na-pidtrimku-fedorova.html,"24.07, 10:00",невідомо,unknown,took place,not stated,не вказано,6 Aug
Kryvyi Rih,24 Канал,Уже 9-й день тривають протести: люди вимагають повернути Федорова на посаду міністра оборони,https://24tv.ua/vzhe-9-den-trivayut-protesti-lyudi-vimagayut-povernuti-fedorova_n3111638,"24.07, 20:46",невідомо,unknown,took place,not stated,не вказано,6 Aug
Kyiv,24 Канал,Уже 9-й день тривають протести: люди вимагають повернути Федорова на посаду міністра оборони,https://24tv.ua/vzhe-9-den-trivayut-protesti-lyudi-vimagayut-povernuti-fedorova_n3111638,"24.07, 20:46",невідомо,unknown,took place,not stated,не вказано,6 Aug
Kyiv,Censor.NET,"""Поверніть ефективного міністра"": протести проти відставки Федорова дев’ятий день тривають у містах України. ФОТОрепортаж",https://censor.net/ua/news/4015261/u-mistah-ukrayiny-prodovjuyutsya-protesty-cherez-zvilnennya-fedorova,"24.07, 10:00",«Більше читайте у нашому Telegram-каналі Київ У Києві на протест зібралось близько 500 людей.»,100–999,took place,not stated,не вказано,6 Aug
Kyiv,DW,Протести у Києві: нові вимоги та початок безстрокової акції,https://www.dw.com/uk/akcia-24-lipna-u-kievi-castkova-peremoga-zmina-vimog-ta-bezstrokovij-protest/a-78106551,"24.07, 10:00",невідомо,unknown,took place,not stated,не вказано,6 Aug
Kyiv,NV,У Києві та інших містах протестують проти відставки Федорова та призначення Кіма міністром у справах ветеранів — фото,https://nv.ua/ukr/ukraine/politics/protesti-proti-vidstavki-fedorova-v-kiyevi-ta-inshih-oblastyah-foto-z-akciy-24-lipnya-50627118.html,"24.07, 22:14","«, що на акції в Києві станом на 20:00 було близько 500 людей.»",100–999,took place,not stated,не вказано,6 Aug
Kyiv,Suspilne (Львів),«Влада — це народ»: львів'яни вимагають повернути Федорова на посаду міністра оборони,https://suspilne.media/lviv/1363428-vlada-ce-narod-lvivani-vimagaut-povernuti-fedorova-na-posadu-ministra-oboroni/,"24.07, 10:00",невідомо,unknown,took place,relay,нацвипуск із посиланням на регіональну редакцію,6 Aug
Kyiv,Suspilne (Полтава),Девʼятий день у Полтаві тривають мітинги на підтримку ексміністра Федорова,https://suspilne.media/poltava/1363458-devatij-den-u-poltavi-trivaut-mitingi-na-pidtrimku-eksministra-fedorova/,"24.07, 10:00",невідомо,unknown,took place,relay,нацвипуск із посиланням на регіональну редакцію,6 Aug
Kyiv,Suspilne (Ужгород),В Ужгороді вкотре вийшли на мирну акцію на підтримку ексміністра Федорова,https://suspilne.media/uzhhorod/1362880-v-uzgorodi-vkotre-vijsli-na-mirnu-akciu-na-pitrimku-eksministra-fedorova/,"24.07, 10:00",невідомо,unknown,took place,relay,нацвипуск із посиланням на регіональну редакцію,6 Aug
Kyiv,kyiv.news,На площі Франка стартував безстроковий протест за повернення Федорова,https://kyiv.news/bezpeka-kriminal/bezstrokovyi-protest-fedorov-ploshcha-franka/,"24.07, 10:00",невідомо,unknown,took place,own correspondent,власне видання,6 Aug
Kyiv,Букви,У Києві дев’ятий день тривають протести за повернення Федорова в Міноборони,https://bukvy.org/u-kyyevi-dev-yatyj-den-tryvayut-protesty-za-povernennya-fedorova-v-minoborony/,"24.07, 22:33",невідомо,unknown,took place,not stated,не вказано,6 Aug
Kyiv,Еспресо,У Києві та Львові дев'ятий день тривають мирні акції з вимогою повернути Федорова на посаду міністра оборони,https://espreso.tv/suspilstvo-u-kievi-devyatiy-den-trivae-mirna-aktsiya-z-vimogoyu-povernuti-fedorova-na-posadu-ministra-oboroni,"24.07, 10:00","«Заява Федорова спровокувала протести: уже 17 липня в Києві на його підтримку зібралися понад 10 тисяч людей, а акції охопили більше десятка міст України та Варшаву.»",<100,took place,not stated,не вказано,6 Aug
Kyiv,Кременчуцький Телеграф,У Кременчуці знову під мерією зібрались люди з картонками,https://www.telegraf.in.ua/topnews/u-kremenchuczi-znovu-pid-meriyeyu-zibralys-lyudy-z-kartonkamy.html,"24.07, 20:28",невідомо,unknown,took place,not stated,не вказано,6 Aug
Kyiv,Новини про права людини,"Суспільство, що говорить вголос: хто і чому виходить в Україні на протести проти кадрових рішень",https://zmina.info/articles/suspilstvo-shho-govoryt-vgolos-hto-i-chomu-vyhodyt-v-ukrayini-na-protesty-proty-kadrovyh-rishen/,"24.07, 12:12",невідомо,unknown,took place,not stated,не вказано,6 Aug
Kyiv,Радіо Свобода,"У Києві люди знову зібралися на протест, обіцяють щоденні акції до повернення Федорова в Міноборони",https://www.radiosvoboda.org/a/news-aktsiya-protestu-kyyiv-fedorov/33812458.html,"24.07, 10:00",невідомо,unknown,took place,not stated,не вказано,6 Aug
Kyiv,Суспільне (нац.),У Києві та регіонах девʼятий день тривають протести проти відставки Федорова з посади міністра оборони,https://suspilne.media/1363460-u-kievi-ta-regionah-devatij-den-trivaut-protesti-proti-vidstavki-fedorova-z-posadi-ministra-oboroni/,"24.07, 10:00",«У Києві зібралось близько 500 людей.»,100–999,took place,relay,нацвипуск із посиланням на регіональну редакцію,6 Aug
Kyiv,Українська правда,У Києві та інших містах дев’ятий день тривають мітинги проти відставки Федорова,https://www.pravda.com.ua/news/2026/07/24/8045795/,"24.07, 10:00",невідомо,unknown,took place,not stated,не вказано,6 Aug
Kyiv,Укрінформ,У Києві та інших містах проходять мітинги на підтримку Федорова - Укрінформ,https://www.ukrinform.ua/rubric-society/4147751-u-kievi-ta-insih-mistah-prohodat-mitingi-na-pidtrimku-fedorova.html,"24.07, 10:00",невідомо,unknown,took place,not stated,не вказано,6 Aug
Lutsk,Rayon.in.ua,"У Луцьку протестували за повернення Федорова на посаду міністра оборони, долучились активістки з Рожища",https://lutsk.rayon.in.ua/news/1089304-u-lucku-protestuvali-za-povernennia-fedorova-na-posadu-ministra-oboroni-dolucilis-aktivistki-z-rozishha,"24.07, 10:22",невідомо,unknown,took place,not stated,не вказано,6 Aug
Lutsk,Suspilne (Луцьк),«Повернути Федорова»: у Луцьку розпочали безстроковий мітинг проти відставки глави Міноборони,https://suspilne.media/lutsk/1363278-povernuti-fedorova-u-lucku-rozpocali-bezstrokovij-miting-proti-vidstavki-glavi-minoboroni/,"24.07, 10:00",невідомо,unknown,took place,own correspondent,кореспондент Суспільного (Луцьк),6 Aug
Lutsk,Суспільне (нац.),У Києві та регіонах девʼятий день тривають протести проти відставки Федорова з посади міністра оборони,https://suspilne.media/1363460-u-kievi-ta-regionah-devatij-den-trivaut-protesti-proti-vidstavki-fedorova-z-posadi-ministra-oboroni/,"24.07, 10:00",невідомо,unknown,took place,relay,нацвипуск із посиланням на регіональну редакцію,6 Aug
Lviv,Новини.LIVE,В Україні вдев'яте відбулися мітинги за повернення Федорова на посаду міністра оборони,https://news.novyny.live/v-ukrayini-vdeviate-vidbulisia-mitingi-za-povernennia-fedorova-na-posadu-ministra-oboroni-337012.html,"25.07, 02:25",невідомо,unknown,took place,not stated,не вказано,6 Aug
Odesa,24 Канал,Уже 9-й день тривають протести: люди вимагають повернути Федорова на посаду міністра оборони,https://24tv.ua/vzhe-9-den-trivayut-protesti-lyudi-vimagayut-povernuti-fedorova_n3111638,"24.07, 20:46",невідомо,unknown,took place,not stated,не вказано,6 Aug
Poltava,24 Канал,Уже 9-й день тривають протести: люди вимагають повернути Федорова на посаду міністра оборони,https://24tv.ua/vzhe-9-den-trivayut-protesti-lyudi-vimagayut-povernuti-fedorova_n3111638,"24.07, 20:46",невідомо,unknown,took place,not stated,не вказано,6 Aug
Poltava,Суспільне (нац.),У Києві та регіонах девʼятий день тривають протести проти відставки Федорова з посади міністра оборони,https://suspilne.media/1363460-u-kievi-ta-regionah-devatij-den-trivaut-protesti-proti-vidstavki-fedorova-z-posadi-ministra-oboroni/,"24.07, 10:00",невідомо,unknown,took place,relay,нацвипуск із посиланням на регіональну редакцію,6 Aug
Poltava,Укрінформ,У Києві та інших містах проходять мітинги на підтримку Федорова - Укрінформ,https://www.ukrinform.ua/rubric-society/4147751-u-kievi-ta-insih-mistah-prohodat-mitingi-na-pidtrimku-fedorova.html,"24.07, 10:00",невідомо,unknown,took place,not stated,не вказано,6 Aug
Rivne,Suspilne (Рівне),Восьма мирна акція: понад 50 людей зібралися у Рівному на підтримку Михайла Федорова,https://suspilne.media/rivne/1363436-vosma-mirna-akcia-ponad-50-ludej-zibralisa-u-rivnomu-na-pidtrimku-mihajla-fedorova/,"24.07, 10:00","«Понад 50 людей зібралися у Рівному на підтримку Михайла Федорова, 24 липня 2026 року.»",<100,took place,own correspondent,кореспондент Суспільного (Рівне),6 Aug
Rivne,Суспільне (нац.),У Києві та регіонах девʼятий день тривають протести проти відставки Федорова з посади міністра оборони,https://suspilne.media/1363460-u-kievi-ta-regionah-devatij-den-trivaut-protesti-proti-vidstavki-fedorova-z-posadi-ministra-oboroni/,"24.07, 10:00","«Понад 50 людей зібралися у Рівному на підтримку Михайла Федорова, 24 липня 2026 року.»",<100,took place,relay,нацвипуск із посиланням на регіональну редакцію,6 Aug
Uzhhorod,Суспільне (нац.),У Києві та регіонах девʼятий день тривають протести проти відставки Федорова з посади міністра оборони,https://suspilne.media/1363460-u-kievi-ta-regionah-devatij-den-trivaut-protesti-proti-vidstavki-fedorova-z-posadi-ministra-oboroni/,"24.07, 10:00",невідомо,unknown,took place,relay,нацвипуск із посиланням на регіональну редакцію,6 Aug
Zaporizhzhia,24 Канал,Уже 9-й день тривають протести: люди вимагають повернути Федорова на посаду міністра оборони,https://24tv.ua/vzhe-9-den-trivayut-protesti-lyudi-vimagayut-povernuti-fedorova_n3111638,"24.07, 20:46",невідомо,unknown,took place,not stated,не вказано,6 Aug
Zaporizhzhia,Новини.LIVE,В Україні вдев'яте відбулися мітинги за повернення Федорова на посаду міністра оборони,https://news.novyny.live/v-ukrayini-vdeviate-vidbulisia-mitingi-za-povernennia-fedorova-na-posadu-ministra-oboroni-337012.html,"25.07, 02:25",невідомо,unknown,took place,not stated,не вказано,6 Aug
Zhytomyr,Suspilne (Житомир),У Житомирі знову вийшли на протест проти відставки Федорова з посади міністра оборони України,https://suspilne.media/zhytomyr/1363536-u-zitomiri-znovu-vijsli-na-protest-proti-vidstavki-fedorova-z-posadi-ministra-oboroni-ukraini/,"24.07, 10:00",невідомо,unknown,took place,own correspondent,кореспондент Суспільного (Житомир),6 Aug
Cherkasy,24 Канал,У містах України 10-й день поспіль тривають масові мітинги на підтримку Федорова,https://24tv.ua/mistah-ukrayini-10-den-pospil-trivayut-masovi-mitingi-pidtrimku_n3111920,"25.07, 10:00","«Мітинг у Черкасах / Фото Суспільного Дніпро У Дніпрі на початку акції зібралося понад 50 містяни, але люди продовжували приходити.»",<100,took place,not stated,не вказано,6 Aug
Cherkasy,OBOZ.UA,"""Не чути свій народ – не потужно"": у містах України десятий день поспіль тривають масові мітинги на підтримку Федорова. Фото і відео",https://www.obozrevatel.com/ukr/novosti-obschestvo/ne-chuti-svij-narod-ne-potuzhno-u-mistah-ukraini-desyatij-den-pospil-trivayut-masovi-mitingi-na-pidtrimku-fedorova-foto-i-video.htm,"25.07, 10:00",невідомо,unknown,took place,not stated,не вказано,6 Aug
Cherkasy,Suspilne (Черкаси),«Слухати народ — це не слабкість»: у Черкасах містяни вийшли на акцію на підтримку Федорова,https://suspilne.media/cherkasy/1363846-sluhati-narod-ce-ne-slabkist-u-cerkasah-mistani-vijsli-na-akciu-na-pidtrimku-fedorova/,"25.07, 10:00",«Соколова У Черкасах близько 80 людей вийшли на Соборну площу з вимогою повернути Михайла Федорова на посаду міністра оборони України.»,<100,took place,own correspondent,кореспондент Суспільного (Черкаси),6 Aug
Dnipro,OBOZ.UA,"""Не чути свій народ – не потужно"": у містах України десятий день поспіль тривають масові мітинги на підтримку Федорова. Фото і відео",https://www.obozrevatel.com/ukr/novosti-obschestvo/ne-chuti-svij-narod-ne-potuzhno-u-mistah-ukraini-desyatij-den-pospil-trivayut-masovi-mitingi-na-pidtrimku-fedorova-foto-i-video.htm,"25.07, 10:00",невідомо,unknown,took place,not stated,не вказано,6 Aug
Dnipro,Suspilne (Дніпро),«Нам потрібні технології». Десятий день дніпряни мітингують за поновлення Федорова на посаді міністра оборони,https://suspilne.media/dnipro/1364006-desatij-den-dniprani-mitinguut-za-ponovlenna-fedorova-na-posadi-ministra-oboroni/,"25.07, 10:00",невідомо,unknown,took place,own correspondent,кореспондент Суспільного (Дніпро),6 Aug
Ivano-Frankivsk,24 Канал,У містах України 10-й день поспіль тривають масові мітинги на підтримку Федорова,https://24tv.ua/mistah-ukrayini-10-den-pospil-trivayut-masovi-mitingi-pidtrimku_n3111920,"25.07, 10:00",невідомо,unknown,took place,not stated,не вказано,6 Aug
Ivano-Frankivsk,OBOZ.UA,"""Не чути свій народ – не потужно"": у містах України десятий день поспіль тривають масові мітинги на підтримку Федорова. Фото і відео",https://www.obozrevatel.com/ukr/novosti-obschestvo/ne-chuti-svij-narod-ne-potuzhno-u-mistah-ukraini-desyatij-den-pospil-trivayut-masovi-mitingi-na-pidtrimku-fedorova-foto-i-video.htm,"25.07, 10:00",невідомо,unknown,took place,not stated,не вказано,6 Aug
Ivano-Frankivsk,Suspilne (Івано-Франківськ),У Франківську десятий день поспіль мітингують проти відставки ексміністра оборони Михайла Федорова,https://suspilne.media/ivano-frankivsk/1363980-u-frankivsku-desatij-den-pospil-mitinguut-proti-vidstavki-eksministra-oboroni-mihajla-fedorova/,"25.07, 10:00",«У Франківську на 17 день акцій до протестної ходи долучилися 200 людей Протести за Федорова.»,100–999,took place,own correspondent,кореспондент Суспільного (Івано-Франківськ),6 Aug
Kharkiv,Suspilne (Харків),«Нам потрібен тандем — Федоров і Драпатий»: 10 день акцій протесту в Харкові,https://suspilne.media/kharkiv/1364044-nam-potriben-tandem-fedorov-i-drapatij-desatij-den-akcii-protestu-v-harkovi-proti-zvilnenna-eksministra-oboroni/,"25.07, 10:00",невідомо,unknown,took place,own correspondent,кореспондент Суспільного (Харків),6 Aug
Khmelnytskyi,24 Канал,У містах України 10-й день поспіль тривають масові мітинги на підтримку Федорова,https://24tv.ua/mistah-ukrayini-10-den-pospil-trivayut-masovi-mitingi-pidtrimku_n3111920,"25.07, 10:00",невідомо,unknown,took place,not stated,не вказано,6 Aug
Khmelnytskyi,Поділля News,"Понад 30 людей вийшли на акцію у Хмельницькому: ""картонковий"" протест триває",https://podillyanews.com/2026/07/25/u-hmelnytskomu-znovu-vyjshly-na-mityng-na-pidtrymku-myhajla-fedorova/,"25.07, 10:00",невідомо,unknown,took place,own correspondent,власне видання,6 Aug
Kolomyia,Suspilne (Івано-Франківськ),У Франківську десятий день поспіль мітингують проти відставки ексміністра оборони Михайла Федорова,https://suspilne.media/ivano-frankivsk/1363980-u-frankivsku-desatij-den-pospil-mitinguut-proti-vidstavki-eksministra-oboroni-mihajla-fedorova/,"25.07, 10:00","«До 785-річчя Коломиї кондитерка Леся Кушнірук презентувала авторський торт міста 6 серпня, 17:44 В Івано-Франківську вперше провели малоінвазивну операцію немовляті.»",100–999,took place,relay,нацвипуск із посиланням на регіональну редакцію,6 Aug
Kremenchuk,Кременчуцький Телеграф,Кременчуківці з картонками вимагали повернути Федорова навіть в укритті,https://www.telegraf.in.ua/plots/putin/u-kremenchuczi-znovu-z-kartonkamy-vymagaly-povernuty-fedorova.html,"25.07, 10:00",невідомо,unknown,took place,own correspondent,власне видання,6 Aug
Kropyvnytskyi,Гречка (Кропивницький),У Кропивницькому десятий день поспіль тривають мітинги: чого вимагають громадяни - Гречка,https://gre4ka.info/suspilstvo/u-kropyvnyczkomu-desyatyj-den-pospil-tryvayut-mityngy-chogo-vymagayut-gromadyany/,"25.07, 10:00",невідомо,unknown,took place,own correspondent,власне видання,6 Aug
Kyiv,24 Канал,У містах України 10-й день поспіль тривають масові мітинги на підтримку Федорова,https://24tv.ua/mistah-ukrayini-10-den-pospil-trivayut-masovi-mitingi-pidtrimku_n3111920,"25.07, 10:00",невідомо,unknown,took place,not stated,не вказано,6 Aug
Kyiv,Censor.NET,Протести проти відставки Федорова з посади міністра оборони десятий день тривають у Києві та інших містах. ФОТОрепортаж,https://censor.net/ua/news/4015374/protesty-cherez-zvilnennya-fedorova-tryvayut-10-dniv,"25.07, 22:34",невідомо,unknown,took place,not stated,не вказано,6 Aug
Kyiv,DW,Безстроковий протест у Києві: на другий день поменшало людей,https://www.dw.com/uk/drugij-den-bezstrokovogo-protestu-v-kievi-ludej-pomensalo-vimogi-ne-zminilisa/a-78116040,"25.07, 10:00",«На другий день безстрокової акції у Києві зібралися сотні людей.»,100–999,took place,not stated,не вказано,6 Aug
Kyiv,NV,"«Федоров, Драпатий — нас не подолати!». У Києві та інших містах десятий день тривають протести — фото",https://nv.ua/ukr/ukraine/politics/protesti-cherez-zvilnennya-fedorova-akciji-u-kiyevi-ta-inshih-mistah-trivayut-desyatiy-den-foto-50627254.html,"25.07, 21:45",невідомо,unknown,took place,not stated,не вказано,6 Aug
Kyiv,Suspilne (Львів),Безстрокова акція: львів'яни вимагають призначити Федорова на посаду міністра оборони,https://suspilne.media/lviv/1364016-bezstrokova-akcia-lvivani-vimagaut-priznaciti-fedorova-na-posadu-ministra-oboroni/,"25.07, 10:00",невідомо,unknown,took place,relay,нацвипуск із посиланням на регіональну редакцію,6 Aug
Kyiv,Suspilne (Ужгород),В Ужгороді знову вийшли на мирну акцію на підтримку Михайла Федорова,https://suspilne.media/uzhhorod/1364030-v-uzgorodi-znovu-vijsli-na-mirnu-akciu-na-pidtrimku-mihajla-fedorova/,"25.07, 10:00",невідомо,unknown,took place,relay,нацвипуск із посиланням на регіональну редакцію,6 Aug
Kyiv,Suspilne (Черкаси),«Слухати народ — це не слабкість»: у Черкасах містяни вийшли на акцію на підтримку Федорова,https://suspilne.media/cherkasy/1363846-sluhati-narod-ce-ne-slabkist-u-cerkasah-mistani-vijsli-na-akciu-na-pidtrimku-fedorova/,"25.07, 10:00",невідомо,unknown,took place,relay,нацвипуск із посиланням на регіональну редакцію,6 Aug
Kyiv,UA.NEWS,У Києві та містах України відбувся десятий протест через відставку Федорова,https://ua.news/ua/ukraine/u-kiievi-ta-mistakh-ukrayini-vidbuvsia-desiatii-protest-cherez-vidstavku-fedorova,"25.07, 10:00",невідомо,unknown,took place,not stated,не вказано,6 Aug
Kyiv,Радіо Свобода,У Києві та інших містах України люди знову вимагали повернути Федорова на посаду міністра оборони,https://www.radiosvoboda.org/a/news-fedorov-protesty-ukrayina/33812959.html,"25.07, 21:51",невідомо,unknown,took place,not stated,не вказано,6 Aug
Kyiv,Суспільне (нац.),У Києві та регіонах вдесяте відбулись протести проти відставки Федорова з посади очільника Міноборони,https://suspilne.media/1364028-u-kievi-ta-regionah-desatij-den-trivaut-protesti-proti-vidstavki-fedorova-z-posadi-ocilnika-minoboroni/,"25.07, 10:00",невідомо,unknown,took place,relay,нацвипуск із посиланням на регіональну редакцію,6 Aug
Kyiv,Українська правда,У Києві та інших містах знову мітингували проти відставки Федорова,https://www.pravda.com.ua/news/2026/07/25/8045916/,"25.07, 10:00",невідомо,unknown,took place,not stated,не вказано,6 Aug
Lviv,24 Канал,У містах України 10-й день поспіль тривають масові мітинги на підтримку Федорова,https://24tv.ua/mistah-ukrayini-10-den-pospil-trivayut-masovi-mitingi-pidtrimku_n3111920,"25.07, 10:00",невідомо,unknown,took place,not stated,не вказано,6 Aug
Mykolaiv,OBOZ.UA,"""Не чути свій народ – не потужно"": у містах України десятий день поспіль тривають масові мітинги на підтримку Федорова. Фото і відео",https://www.obozrevatel.com/ukr/novosti-obschestvo/ne-chuti-svij-narod-ne-potuzhno-u-mistah-ukraini-desyatij-den-pospil-trivayut-masovi-mitingi-na-pidtrimku-fedorova-foto-i-video.htm,"25.07, 10:00",«Миколаїв У Миколаєві до акції долучилися 55 людей.»,<100,took place,not stated,не вказано,6 Aug
Odesa,Громадське,У Києві та інших містах уже десять днів тривають протести проти відставки Федорова,https://hromadske.ua/suspilstvo/268283-u-kyyevi-ta-inshykh-mistakh-uze-desiat-dniv-tryvaiut-protesty-proty-vidstavky-fedorova,"25.07, 10:00","«Окрім Києва, протести проходять і в інших українських містах, зокрема в Одесі, де сьогодні зібралися кілька десятків протестувальників.»",<100,took place,not stated,не вказано,6 Aug
Ternopil,20 хвилин (Тернопіль),«Верніть Федорова». Десятий день тривають мітинги у Тернополі - 20 хвилин,https://te.20minut.ua/Podii/desyatiy-den-trivayut-mitingi-u-ternopoli-12002783.html,"25.07, 10:00",невідомо,unknown,took place,own correspondent,власне видання,6 Aug
Uzhhorod,OBOZ.UA,"""Не чути свій народ – не потужно"": у містах України десятий день поспіль тривають масові мітинги на підтримку Федорова. Фото і відео",https://www.obozrevatel.com/ukr/novosti-obschestvo/ne-chuti-svij-narod-ne-potuzhno-u-mistah-ukraini-desyatij-den-pospil-trivayut-masovi-mitingi-na-pidtrimku-fedorova-foto-i-video.htm,"25.07, 10:00",невідомо,unknown,took place,not stated,не вказано,6 Aug
Uzhhorod,Suspilne (Ужгород),В Ужгороді знову вийшли на мирну акцію на підтримку Михайла Федорова,https://suspilne.media/uzhhorod/1364030-v-uzgorodi-znovu-vijsli-na-mirnu-akciu-na-pidtrimku-mihajla-fedorova/,"25.07, 10:00",невідомо,unknown,took place,own correspondent,кореспондент Суспільного (Ужгород),6 Aug
Zaporizhzhia,Inform.zp.ua,У Запоріжжі продовжуються акції на підтримку Михайла Федорова: десятий день протестів (ФОТО),https://www.inform.zp.ua/uk/2026/07/25/381118_u-zaporizhzhi-prodovzhuyutsya-akcziyi-na-pidtrymku-myhajla-fedorova-desyatyj-den-protestiv-foto/,"25.07, 10:00",невідомо,unknown,took place,own correspondent,власне видання,6 Aug
Cherkasy,Suspilne (Черкаси),«Будемо стояти до останнього»: у Черкасах містяни зібралися на підтримку Михайла Федорова,https://suspilne.media/cherkasy/1364334-budemo-stoati-do-ostannogo-u-cerkasah-mistani-zibralisa-na-pidtrimku-mihajla-fedorova/,"26.07, 10:00",невідомо,unknown,took place,own correspondent,кореспондент Суспільного (Черкаси),6 Aug
Cherkasy,Суспільне (нац.),В Україні тривають протести проти відставки Федорова з посади очільника МОУ: День 11,https://suspilne.media/1364540-v-ukraini-trivaut-protesti-proti-vidstavki-fedorova-z-posadi-ocilnika-mou-den-11/,"26.07, 10:00",невідомо,unknown,took place,relay,нацвипуск із посиланням на регіональну редакцію,6 Aug
Dnipro,Dnipro.media,У Дніпрі проведуть 12-й мітинг проти звільнення Федорова. Увага! Змінився час початку,https://www.dnipro.media/novyny-dnipro/u-dnipri-provedut-12-j-mityng-proty-zvilnennya-fedorova-uvaga-zminyvsya-chas-pochatku/,"26.07, 14:13",невідомо,unknown,took place,own correspondent,власне видання,6 Aug
Dnipro,Suspilne (Дніпро),«Поверніть Федорова». У Дніпрі знову зібралися на мітинг,https://suspilne.media/dnipro/1364496-povernit-fedorova-u-dnipri-znovu-zibralisa-na-miting/,"26.07, 10:00",невідомо,unknown,took place,own correspondent,кореспондент Суспільного (Дніпро),6 Aug
Dnipro,Суспільне (нац.),В Україні тривають протести проти відставки Федорова з посади очільника МОУ: День 11,https://suspilne.media/1364540-v-ukraini-trivaut-protesti-proti-vidstavki-fedorova-z-posadi-ocilnika-mou-den-11/,"26.07, 10:00","«Дніпро У Дніпрі близько 30 учасників акції на підтримку Федорова розгорнули прапор України, вшанували загиблих внаслідок збройної агресії РФ хвилиною мовчання.»",<100,took place,relay,нацвипуск із посиланням на регіональну редакцію,6 Aug
Ivano-Frankivsk,OBOZ.UA,"""Система вже глючить"": у містах України вже 11 день поспіль люди вимагають повернути Федорова на посаду очільника Міноборони. Фото",https://www.obozrevatel.com/ukr/novosti-obschestvo/sistema-vzhe-glyuchit-u-mistah-ukraini-vzhe-11-den-pospil-lyudi-vimagayut-povernuti-fedorova-na-posadu-ochilnika-minoboroni-foto.htm,"26.07, 10:00",невідомо,unknown,took place,not stated,не вказано,6 Aug
Ivano-Frankivsk,Suspilne (Івано-Франківськ),«Наша вимога — повернути Федорова». Протести в Івано-Франківську тривають одинадцятий день,https://suspilne.media/ivano-frankivsk/1364318-nasa-vimoga-povernuti-fedorova-protesti-v-ivano-frankivsku-trivaut-odinadcatij-den/,"26.07, 10:00",«У Франківську на 17 день акцій до протестної ходи долучилися 200 людей Протести за Федорова.»,100–999,took place,own correspondent,кореспондент Суспільного (Івано-Франківськ),6 Aug
Ivano-Frankivsk,Суспільне (нац.),В Україні тривають протести проти відставки Федорова з посади очільника МОУ: День 11,https://suspilne.media/1364540-v-ukraini-trivaut-protesti-proti-vidstavki-fedorova-z-posadi-ocilnika-mou-den-11/,"26.07, 10:00",«Івано-Франківськ В Івано-Франківську на площі біля адміністрації зібралися приблизно пів сотні людей.»,<100,took place,relay,нацвипуск із посиланням на регіональну редакцію,6 Aug
Kharkiv,Suspilne (Харків),«Коли без пояснень виганяють ефективного міністра — є питання»: 11-й день протесту проти звільнення Федорова у Харкові,https://suspilne.media/kharkiv/1364506-koli-bez-poasnen-viganaut-efektivnogo-ministra-e-pitanna-11-j-den-protestu-proti-zvilnenna-fedorova-u-harkovi/,"26.07, 10:00",невідомо,unknown,took place,own correspondent,кореспондент Суспільного (Харків),6 Aug
Kharkiv,mediaport.ua,«Поверніть Федорова»: у Харкові тривають акції на підтримку ексглави Міноборони,https://mediaport.ua/povernit-fedorova-u-kharkovi-tryvaiut-aktsii-na-pidtrymku-ekshlavy-minoborony/,"26.07, 17:52",невідомо,unknown,took place,not stated,не вказано,6 Aug
Khmelnytskyi,Суспільне (нац.),В Україні тривають протести проти відставки Федорова з посади очільника МОУ: День 11,https://suspilne.media/1364540-v-ukraini-trivaut-protesti-proti-vidstavki-fedorova-z-posadi-ocilnika-mou-den-11/,"26.07, 10:00",невідомо,unknown,took place,relay,нацвипуск із посиланням на регіональну редакцію,6 Aug
Kolomyia,Suspilne (Івано-Франківськ),«Наша вимога — повернути Федорова». Протести в Івано-Франківську тривають одинадцятий день,https://suspilne.media/ivano-frankivsk/1364318-nasa-vimoga-povernuti-fedorova-protesti-v-ivano-frankivsku-trivaut-odinadcatij-den/,"26.07, 10:00","«До 785-річчя Коломиї кондитерка Леся Кушнірук презентувала авторський торт міста 6 серпня, 17:44 В Івано-Франківську вперше провели малоінвазивну операцію немовляті.»",100–999,took place,relay,нацвипуск із посиланням на регіональну редакцію,6 Aug
Kropyvnytskyi,Гречка (Кропивницький),У Кропивницькому 11 день поспіль тривають мітинги: учасники закликають не припиняти протест - Гречка,https://gre4ka.info/suspilstvo/u-kropyvnyczkomu-odynadczyatyj-den-pospil-tryvayut-mityngy-uchasnyky-zaklykayut-ne-prypynyaty-protest/,"26.07, 10:00",невідомо,unknown,took place,own correspondent,власне видання,6 Aug
Kyiv,Korrespondent.net,Українці 11 днів вимагають повернути Федорова,https://ua.korrespondent.net/ukraine/4897397-ukraintsi-11-dniv-vymahauit-povernuty-fedorova,"27.07, 00:47",невідомо,unknown,took place,not stated,не вказано,6 Aug
Kyiv,NV,«Нас почули на одне вухо». У Києві та інших містах одинадцятий день тривають протести проти відставки Федорова — фото,https://nv.ua/ukr/ukraine/events/protesti-cherez-zvilnennya-fedorova-akciji-u-kiyevi-ta-inshih-mistah-trivayut-odinadcyatiy-den-foto-50627388.html,"26.07, 10:00",невідомо,unknown,took place,not stated,не вказано,6 Aug
Kyiv,Suspilne (Львів),11 день мирної акції: львів'яни влаштували ходу з вимогою повернути Федорова на посаду міністра оборони,https://suspilne.media/lviv/1364502-11-den-mirnoi-akcii-lvivani-vlastuvali-hodu-z-vimogou-povernuti-fedorova-na-posadu-ministra-oboroni/,"26.07, 10:00",невідомо,unknown,took place,relay,нацвипуск із посиланням на регіональну редакцію,6 Aug
Kyiv,Suspilne (Ужгород),«Поверніть Федорова на посаду»: в Ужгороді знову зібралися на мирну акцію,https://suspilne.media/uzhhorod/1364504-v-uzgorodi-znovu-zibralisa-na-mirnu-akciu/,"26.07, 10:00",невідомо,unknown,took place,relay,нацвипуск із посиланням на регіональну редакцію,6 Aug
Kyiv,Суспільне (нац.),В Україні тривають протести проти відставки Федорова з посади очільника МОУ: День 11,https://suspilne.media/1364540-v-ukraini-trivaut-protesti-proti-vidstavki-fedorova-z-posadi-ocilnika-mou-den-11/,"26.07, 10:00",невідомо,unknown,took place,relay,нацвипуск із посиланням на регіональну редакцію,6 Aug
Kyiv,Суспільне (нац.),"«Я тут, щоб наше покоління не повторило помилок минулого»: чергова акція на підтримку Федорова відбулась у Хмельницькому",https://suspilne.media/khmelnytskiy/1364158-a-tut-sob-nase-pokolinna-ne-povtorilo-pomilok-minulogo-cergova-akcia-na-pidtrimku-fedorova-vidbulas-u-hmelnickomu/,"26.07, 10:00",невідомо,unknown,took place,relay,нацвипуск із посиланням на регіональну редакцію,6 Aug
Lutsk,Suspilne (Луцьк),У Луцьку — мирна акція проти відставки Федорова з посади міністра оборони,https://suspilne.media/lutsk/1364514-u-lucku-odinadcata-mirna-akcia-proti-vidstavki-fedorova-z-posadi-ministra-oboroni/,"26.07, 10:00","«До мирної акції на підтримку Федорова у Луцьку станом на 20:30 доєдналося понад 60 людей, повідомив кореспондент Суспільного.»",<100,took place,own correspondent,кореспондент Суспільного (Луцьк),6 Aug
Lutsk,Суспільне (нац.),В Україні тривають протести проти відставки Федорова з посади очільника МОУ: День 11,https://suspilne.media/1364540-v-ukraini-trivaut-protesti-proti-vidstavki-fedorova-z-posadi-ocilnika-mou-den-11/,"26.07, 10:00",невідомо,unknown,took place,relay,нацвипуск із посиланням на регіональну редакцію,6 Aug
Lviv,Суспільне (нац.),В Україні тривають протести проти відставки Федорова з посади очільника МОУ: День 11,https://suspilne.media/1364540-v-ukraini-trivaut-protesti-proti-vidstavki-fedorova-z-posadi-ocilnika-mou-den-11/,"26.07, 10:00",невідомо,unknown,took place,relay,нацвипуск із посиланням на регіональну редакцію,6 Aug
Mykolaiv,Suspilne (Миколаїв),Миколаївці вчергове вийшли на акцію протесту проти звільнення міністра оборони Федорова,https://suspilne.media/mykolaiv/1364472-mikolaivci-vcergove-vijsli-na-akciu-protestu-proti-zvilnenna-ministra-oboroni-fedorova/,"26.07, 10:00","«--> Собака на акції протесту з гаслом на картонці Суспільне Миколаїв/Ірина Олехнович --> Учасники акції сидять на сходах біля міськради у Миколаєві Суспільне Миколаїв/Ірина Олехнович До заходу долучилися 32 людини, повідомила інспекторка поліції діалогу Алла Ткаченко.»",<100,took place,police,інспекторка поліції діалогу Алла Ткаченко,6 Aug
Uzhhorod,Suspilne (Ужгород),«Поверніть Федорова на посаду»: в Ужгороді знову зібралися на мирну акцію,https://suspilne.media/uzhhorod/1364504-v-uzgorodi-znovu-zibralisa-na-mirnu-akciu/,"26.07, 10:00",невідомо,unknown,took place,own correspondent,кореспондент Суспільного (Ужгород),6 Aug
Uzhhorod,Суспільне (нац.),В Україні тривають протести проти відставки Федорова з посади очільника МОУ: День 11,https://suspilne.media/1364540-v-ukraini-trivaut-protesti-proti-vidstavki-fedorova-z-posadi-ocilnika-mou-den-11/,"26.07, 10:00",невідомо,unknown,took place,relay,нацвипуск із посиланням на регіональну редакцію,6 Aug
Cherkasy,LIGA.net,12-й день протестів за Федорова: акції пройшли у Києві та ще низці міст,https://news.liga.net/ua/society/news/12-y-den-protestiv-za-fedorova-aktsii-proyshly-v-kyievi-ta-shche-nyztsi-mist,"27.07, 10:00",невідомо,unknown,took place,not stated,не вказано,6 Aug
Cherkasy,NV,У Львові під час протесту на підтримку Федорова затримали нападника з ножем,https://nv.ua/ukr/ukraine/events/napad-pid-chas-mitingu-u-lvovi-cholovik-z-nozhem-zatrimaniy-policiyeyu-50627700.html,"27.07, 22:12",невідомо,unknown,took place,not stated,не вказано,6 Aug
Cherkasy,Suspilne (Черкаси),«Творитиму зміни»: у Черкасах відбулася акція на підтримку Федорова,https://suspilne.media/cherkasy/1365338-tvoritimu-zmini-u-cerkasah-vidbulasa-akcia-na-pidtrimku-fedorova/,"27.07, 21:01",невідомо,unknown,took place,own correspondent,кореспондент Суспільного (Черкаси),6 Aug
Cherkasy,Суспільне (нац.),В Україні тривають протести проти відставки Федорова з посади міністра оборони: День 12,https://suspilne.media/1365378-v-ukraini-trivaut-protesti-proti-vidstavki-fedorova-z-posadi-ministra-oboroni-den-12/,"27.07, 10:00",невідомо,unknown,took place,relay,нацвипуск із посиланням на регіональну редакцію,6 Aug
Cherkasy,Факти ICTV,У Львові затримали чоловіка з ножем під час мітингу на підтримку Федорова: що відомо,https://fakty.com.ua/ua/ukraine/20260727-u-lvovi-zatrymaly-cholovika-z-nozhem-pid-chas-mityngu-shho-vidomo/,"27.07, 23:26",невідомо,unknown,took place,not stated,не вказано,6 Aug
Dnipro,Dnipro.media,"«Влада, говори з народом!»: у Дніпрі триває 13-та акція на підтримку Федорова",https://www.dnipro.media/novyny-dnipro/vlada-govory-z-narodom-u-dnipri-tryvaye-13-ta-aktsiya-na-pidtrymku-fedorova/,"27.07, 20:14",невідомо,unknown,took place,own correspondent,власне видання,6 Aug
Dnipro,LIGA.net,12-й день протестів за Федорова: акції пройшли у Києві та ще низці міст,https://news.liga.net/ua/society/news/12-y-den-protestiv-za-fedorova-aktsii-proyshly-v-kyievi-ta-shche-nyztsi-mist,"27.07, 10:00",невідомо,unknown,took place,not stated,не вказано,6 Aug
Dnipro,NV,"«Стояли, стоїмо і будемо стояти!». Люди по всій країні 12 день поспіль вийшли на протести проти відставки Федорова",https://nv.ua/ukr/ukraine/politics/protesti-proti-vidstavki-ministra-oboroni-fedorova-mitingi-u-mistah-ukrajini-50627689.html,"27.07, 21:26",«: Зеленський назвав причину кадрових перестановок в уряді та оборонному секторі У Дніпрі на мітинг зібралися близько 80 людей.»,<100,took place,not stated,не вказано,6 Aug
Dnipro,NV,У Львові під час протесту на підтримку Федорова затримали нападника з ножем,https://nv.ua/ukr/ukraine/events/napad-pid-chas-mitingu-u-lvovi-cholovik-z-nozhem-zatrimaniy-policiyeyu-50627700.html,"27.07, 22:12",невідомо,unknown,took place,not stated,не вказано,6 Aug
Dnipro,Suspilne (Дніпро),"«Важливо, бо хочу жити в цій країні» — дніпряни про те, чому продовжують мітингувати за поновлення Федорова",https://suspilne.media/dnipro/1365358-vazlivo-bo-hocu-ziti-v-cij-kraini-dniprani-pro-te-comu-prodovzuut-mitinguvati-za-ponovlenna-fedorova/,"27.07, 10:00",невідомо,unknown,took place,own correspondent,кореспондент Суспільного (Дніпро),6 Aug
Dnipro,Суспільне (нац.),В Україні тривають протести проти відставки Федорова з посади міністра оборони: День 12,https://suspilne.media/1365378-v-ukraini-trivaut-protesti-proti-vidstavki-fedorova-z-posadi-ministra-oboroni-den-12/,"27.07, 10:00",«мітинг у Дніпрі зібралися близько 80 людей.»,<100,took place,relay,нацвипуск із посиланням на регіональну редакцію,6 Aug
Dnipro,Українська правда,У Києві та інших містах 12-й день поспіль відбулися акції на підтримку Федорова,https://www.pravda.com.ua/news/2026/07/27/8046167/,"27.07, 10:00","«фото: ""Суспільне"" фото: ""Суспільне.Харків"" РЕКЛАМА: У Львові, за даними поліції, на акцію, за даними видання, вийшли близько 150 людей, у Дніпрі – близько 80, в Івано-Франківську – приблизно 50, у Рівному – близько 40, а в Миколаєві – близько 35 учасників.»",100–999,took place,police,за даними поліції,6 Aug
Dnipro,Факти ICTV,У Львові затримали чоловіка з ножем під час мітингу на підтримку Федорова: що відомо,https://fakty.com.ua/ua/ukraine/20260727-u-lvovi-zatrymaly-cholovika-z-nozhem-pid-chas-mityngu-shho-vidomo/,"27.07, 23:26",невідомо,unknown,took place,not stated,не вказано,6 Aug
Ivano-Frankivsk,Censor.NET,"""Стоятимемо до виконання всіх вимог"": у містах України триває 12-й день протестів проти відставки Федорова. ФОТОрепортаж",https://censor.net/ua/news/4015627/v-ukrayini-12-yi-den-tryvayut-protesty-z-vymogoyu-povernuty-fedorova,"27.07, 22:13","«Зокрема, в Івано-Франківську на площу біля адмінбудинку прийшли приблизно 50 містян.»",<100,took place,not stated,не вказано,6 Aug
Ivano-Frankivsk,LIGA.net,12-й день протестів за Федорова: акції пройшли у Києві та ще низці міст,https://news.liga.net/ua/society/news/12-y-den-protestiv-za-fedorova-aktsii-proyshly-v-kyievi-ta-shche-nyztsi-mist,"27.07, 10:00",невідомо,unknown,took place,not stated,не вказано,6 Aug
Ivano-Frankivsk,Suspilne (Івано-Франківськ),Протести в Івано-Франківську проти відставки Федорова. День дванадцятий,https://suspilne.media/ivano-frankivsk/1365156-protesti-v-ivano-frankivsku-proti-vidstavki-fedorova-den-dvanadcatij/,"27.07, 10:00",невідомо,unknown,took place,own correspondent,кореспондент Суспільного (Івано-Франківськ),6 Aug
Ivano-Frankivsk,Українська правда,У Києві та інших містах 12-й день поспіль відбулися акції на підтримку Федорова,https://www.pravda.com.ua/news/2026/07/27/8046167/,"27.07, 10:00","«фото: ""Суспільне"" фото: ""Суспільне.Харків"" РЕКЛАМА: У Львові, за даними поліції, на акцію, за даними видання, вийшли близько 150 людей, у Дніпрі – близько 80, в Івано-Франківську – приблизно 50, у Рівному – близько 40, а в Миколаєві – близько 35 учасників.»",100–999,took place,police,за даними поліції,6 Aug
Kharkiv,LIGA.net,12-й день протестів за Федорова: акції пройшли у Києві та ще низці міст,https://news.liga.net/ua/society/news/12-y-den-protestiv-za-fedorova-aktsii-proyshly-v-kyievi-ta-shche-nyztsi-mist,"27.07, 10:00",невідомо,unknown,took place,not stated,не вказано,6 Aug
Kharkiv,NV,"«Стояли, стоїмо і будемо стояти!». Люди по всій країні 12 день поспіль вийшли на протести проти відставки Федорова",https://nv.ua/ukr/ukraine/politics/protesti-proti-vidstavki-ministra-oboroni-fedorova-mitingi-u-mistah-ukrajini-50627689.html,"27.07, 21:26",невідомо,unknown,took place,not stated,не вказано,6 Aug
Kharkiv,NV,У Львові під час протесту на підтримку Федорова затримали нападника з ножем,https://nv.ua/ukr/ukraine/events/napad-pid-chas-mitingu-u-lvovi-cholovik-z-nozhem-zatrimaniy-policiyeyu-50627700.html,"27.07, 22:12",невідомо,unknown,took place,not stated,не вказано,6 Aug
Kharkiv,Факти ICTV,У Львові затримали чоловіка з ножем під час мітингу на підтримку Федорова: що відомо,https://fakty.com.ua/ua/ukraine/20260727-u-lvovi-zatrymaly-cholovika-z-nozhem-pid-chas-mityngu-shho-vidomo/,"27.07, 23:26",невідомо,unknown,took place,not stated,не вказано,6 Aug
Khmelnytskyi,Главком,На акції за Федорова у Львові затримали чоловіка з ножем: що відомо,https://glavcom.ua/country/incidents/na-aktsiji-za-fedorova-u-lvovi-zatrimali-cholovika-z-nozhem-shcho-vidomo-1133498.html,"28.07, 02:15",невідомо,unknown,took place,not stated,не вказано,6 Aug
Kolomyia,Suspilne (Івано-Франківськ),Протести в Івано-Франківську проти відставки Федорова. День дванадцятий,https://suspilne.media/ivano-frankivsk/1365156-protesti-v-ivano-frankivsku-proti-vidstavki-fedorova-den-dvanadcatij/,"27.07, 10:00","«До 785-річчя Коломиї кондитерка Леся Кушнірук презентувала авторський торт міста 6 серпня, 17:44 В Івано-Франківську вперше провели малоінвазивну операцію немовляті.»",100–999,took place,relay,нацвипуск із посиланням на регіональну редакцію,6 Aug
Kyiv,Censor.NET,"""Стоятимемо до виконання всіх вимог"": у містах України триває 12-й день протестів проти відставки Федорова. ФОТОрепортаж",https://censor.net/ua/news/4015627/v-ukrayini-12-yi-den-tryvayut-protesty-z-vymogoyu-povernuty-fedorova,"27.07, 22:13",невідомо,unknown,took place,not stated,не вказано,6 Aug
Kyiv,LIGA.net,12-й день протестів за Федорова: акції пройшли у Києві та ще низці міст,https://news.liga.net/ua/society/news/12-y-den-protestiv-za-fedorova-aktsii-proyshly-v-kyievi-ta-shche-nyztsi-mist,"27.07, 10:00",невідомо,unknown,took place,not stated,не вказано,6 Aug
Kyiv,NV,"«Стояли, стоїмо і будемо стояти!». Люди по всій країні 12 день поспіль вийшли на протести проти відставки Федорова",https://nv.ua/ukr/ukraine/politics/protesti-proti-vidstavki-ministra-oboroni-fedorova-mitingi-u-mistah-ukrajini-50627689.html,"27.07, 21:26",невідомо,unknown,took place,not stated,не вказано,6 Aug
Kyiv,NV,"Чому українців більше цікавить заміна Сирського та звільнення Федорова, ніж новий прем'єр — політтехнолог",https://nv.ua/ukr/ukraine/politics/chomu-ukrajinciv-bilshe-cikavit-fedorov-nizh-noviy-prem-yer-ekspert-50627516.html,"27.07, 10:00",невідомо,unknown,took place,not stated,не вказано,6 Aug
Kyiv,NV,У Львові під час протесту на підтримку Федорова затримали нападника з ножем,https://nv.ua/ukr/ukraine/events/napad-pid-chas-mitingu-u-lvovi-cholovik-z-nozhem-zatrimaniy-policiyeyu-50627700.html,"27.07, 22:12",невідомо,unknown,took place,not stated,не вказано,6 Aug
Kyiv,Suspilne (Львів),«Стоятимемо до виконання всіх вимог»: львів'яни продовжують вимагати повернення Федорова на посаду міністра оборони,https://suspilne.media/lviv/1365284-stoatimemo-do-vikonanna-vsih-vimog-lvivani-prodovzuut-vimagati-povernenna-fedorova-na-posadu-ministra-oboroni/,"27.07, 23:52",невідомо,unknown,took place,relay,нацвипуск із посиланням на регіональну редакцію,6 Aug
Kyiv,Suspilne (Рівне),Понад 40 людей вийшли на мирну акцію на підтримку Михайла Федорова 27 липня у Рівному,https://suspilne.media/rivne/1365352-ponad-40-ludej-vijsli-na-mirnu-akciu-na-pidtrimku-mihajla-fedorova-27-lipna-u-rivnomu/,"27.07, 21:52",невідомо,unknown,took place,relay,нацвипуск із посиланням на регіональну редакцію,6 Aug
Kyiv,Suspilne (Ужгород),"Учасники акції розповіли, чому вже 11-й день поспіль виходять на мітинги: в Ужгороді знову зібралися на мирну акцію",https://suspilne.media/uzhhorod/1365392-ucasniki-akcii-rozpovili-comu-vze-11-j-den-pospil-vihodat-na-mitingi-v-uzgorodi-znovu-zibralisa-na-mirnu-akciu/,"27.07, 21:14",невідомо,unknown,took place,relay,нацвипуск із посиланням на регіональну редакцію,6 Aug
Kyiv,Апостроф,"""Будемо вимагати повернення Федорова"": Дмитро Козятинський — про протести, Драпатого та майбутнє ЗСУ: інтерв’ю",https://apostrophe.ua/interview/protesty-za-fedorova-intervyu-z-dmytrom-kozyatynskym.html,"27.07, 10:00","«Наскільки я знаю, у Києві виходить кожен день від 4 до 6 тисяч.»",<100,took place,not stated,не вказано,6 Aug
Kyiv,Громадське,У Києві й інших містах України триває дванадцятий день протестів проти відставки Федорова,https://hromadske.ua/suspilstvo/268389-u-kyyevi-y-inshykh-mistakh-ukrayiny-tryvaye-dvanadtsiatyy-den-protestiv-proty-vidstavky-fedorova,"27.07, 21:42",невідомо,unknown,took place,not stated,не вказано,6 Aug
Kyiv,Еспресо,"У Львові поліція встановила особу чоловіка, затриманого з ножем на акції на підтримку Федорова",https://espreso.tv/kryminal-u-lvovi-politsiya-vstanovila-osobu-cholovika-zatrimanogo-z-nozhem-na-aktsii-na-pidtrimku-fedorova,"27.07, 23:12",«За тиждень протести охопили вже понад десяток міст України та Варшаву — лише в Києві 17 липня на підтримку Федорова зібралося понад 10 тисяч людей.»,<100,took place,not stated,не вказано,6 Aug
Kyiv,Суспільне (нац.),В Україні тривають протести проти відставки Федорова з посади міністра оборони: День 12,https://suspilne.media/1365378-v-ukraini-trivaut-protesti-proti-vidstavki-fedorova-z-posadi-ministra-oboroni-den-12/,"27.07, 10:00",«Київ У Києві на акцію у сквері біля Національного академічного драматичного театру імені Івана Франка зібралися сотні людей.»,100–999,took place,relay,нацвипуск із посиланням на регіональну редакцію,6 Aug
Kyiv,Українська правда,Битва за Федорова. Що відбувалося в інформаційному просторі під час протестів у Києві,https://www.pravda.com.ua/articles/2026/07/27/8046099/,"27.07, 10:00",невідомо,unknown,took place,not stated,не вказано,6 Aug
Kyiv,Українська правда,У Києві та інших містах 12-й день поспіль відбулися акції на підтримку Федорова,https://www.pravda.com.ua/news/2026/07/27/8046167/,"27.07, 10:00",«: У Києві у сквері біля театру імені Івана Франка зібралися сотні людей.»,100–999,took place,not stated,не вказано,6 Aug
Kyiv,Факти ICTV,У Львові затримали чоловіка з ножем під час мітингу на підтримку Федорова: що відомо,https://fakty.com.ua/ua/ukraine/20260727-u-lvovi-zatrymaly-cholovika-z-nozhem-pid-chas-mityngu-shho-vidomo/,"27.07, 23:26",невідомо,unknown,took place,not stated,не вказано,6 Aug
Lviv,LIGA.net,12-й день протестів за Федорова: акції пройшли у Києві та ще низці міст,https://news.liga.net/ua/society/news/12-y-den-protestiv-za-fedorova-aktsii-proyshly-v-kyievi-ta-shche-nyztsi-mist,"27.07, 10:00",невідомо,unknown,took place,not stated,не вказано,6 Aug
Lviv,NV,"«Стояли, стоїмо і будемо стояти!». Люди по всій країні 12 день поспіль вийшли на протести проти відставки Федорова",https://nv.ua/ukr/ukraine/politics/protesti-proti-vidstavki-ministra-oboroni-fedorova-mitingi-u-mistah-ukrajini-50627689.html,"27.07, 21:26",невідомо,unknown,took place,not stated,не вказано,6 Aug
Lviv,NV,У Львові під час протесту на підтримку Федорова затримали нападника з ножем,https://nv.ua/ukr/ukraine/events/napad-pid-chas-mitingu-u-lvovi-cholovik-z-nozhem-zatrimaniy-policiyeyu-50627700.html,"27.07, 22:12",невідомо,unknown,took place,not stated,не вказано,6 Aug
Lviv,inlviv.in.ua,Дванадцять днів на проспекті Свободи: львів’яни не припиняють боротьбу за повернення Федорова до Міноборони,https://inlviv.in.ua/lviv/dvanadtsyat-dniv-na-prospekti-svobody-lviv-yany-ne-prypynyayut-borotbu-za-povernennya-fedorova-do-minoborony,"27.07, 10:00",невідомо,unknown,took place,own correspondent,власне видання,6 Aug
Lviv,Главком,На акції за Федорова у Львові затримали чоловіка з ножем: що відомо,https://glavcom.ua/country/incidents/na-aktsiji-za-fedorova-u-lvovi-zatrimali-cholovika-z-nozhem-shcho-vidomo-1133498.html,"28.07, 02:15",невідомо,unknown,took place,not stated,не вказано,6 Aug
Lviv,Громадське,У Києві й інших містах України триває дванадцятий день протестів проти відставки Федорова,https://hromadske.ua/suspilstvo/268389-u-kyyevi-y-inshykh-mistakh-ukrayiny-tryvaye-dvanadtsiatyy-den-protestiv-proty-vidstavky-fedorova,"27.07, 21:42",невідомо,unknown,took place,not stated,не вказано,6 Aug
Lviv,Еспресо,"У Львові поліція встановила особу чоловіка, затриманого з ножем на акції на підтримку Федорова",https://espreso.tv/kryminal-u-lvovi-politsiya-vstanovila-osobu-cholovika-zatrimanogo-z-nozhem-na-aktsii-na-pidtrimku-fedorova,"27.07, 23:12",невідомо,unknown,took place,not stated,не вказано,6 Aug
Lviv,Радіо Свобода,У Львові під час акції через відставку Федорова затримали чоловіка з ножем – поліція,https://www.radiosvoboda.org/a/news-lviv-protesty-kuleba-zatrymannya/33816163.html,"27.07, 23:38",невідомо,unknown,took place,not stated,не вказано,6 Aug
Lviv,Суспільне (нац.),В Україні тривають протести проти відставки Федорова з посади міністра оборони: День 12,https://suspilne.media/1365378-v-ukraini-trivaut-protesti-proti-vidstavki-fedorova-z-posadi-ministra-oboroni-den-12/,"27.07, 10:00",«Львів У Львові акція розпочалася близько 20:00 біля пам'ятника Тарасові Шевченку на проспекті Свободи.»,<100,took place,relay,нацвипуск із посиланням на регіональну редакцію,6 Aug
Lviv,Українська правда,У Києві та інших містах 12-й день поспіль відбулися акції на підтримку Федорова,https://www.pravda.com.ua/news/2026/07/27/8046167/,"27.07, 10:00","«фото: ""Суспільне"" фото: ""Суспільне.Харків"" РЕКЛАМА: У Львові, за даними поліції, на акцію, за даними видання, вийшли близько 150 людей, у Дніпрі – близько 80, в Івано-Франківську – приблизно 50, у Рівному – близько 40, а в Миколаєві – близько 35 учасників.»",100–999,took place,police,за даними поліції,6 Aug
Lviv,Факти ICTV,У Львові затримали чоловіка з ножем під час мітингу на підтримку Федорова: що відомо,https://fakty.com.ua/ua/ukraine/20260727-u-lvovi-zatrymaly-cholovika-z-nozhem-pid-chas-mityngu-shho-vidomo/,"27.07, 23:26","«Як зазначає Суспільне , акція у Львові розпочалася близько 20:00 біля пам’ятника Тарасові Шевченку на проспекті Свободи.»",<100,took place,relay,релей,6 Aug
Lviv,Фокус,Невідомий намагався напасти з ножем на людей під час мітингу у Львові,https://focus.ua/uk/ukraine/762444-nevidomiy-namagavsya-napasti-z-nozhem-na-lyudey-pid-chas-mitingu-u-lvovi,"27.07, 22:03",невідомо,unknown,took place,not stated,не вказано,6 Aug
Mykolaiv,LIGA.net,12-й день протестів за Федорова: акції пройшли у Києві та ще низці міст,https://news.liga.net/ua/society/news/12-y-den-protestiv-za-fedorova-aktsii-proyshly-v-kyievi-ta-shche-nyztsi-mist,"27.07, 10:00",невідомо,unknown,took place,not stated,не вказано,6 Aug
Mykolaiv,NV,У Львові під час протесту на підтримку Федорова затримали нападника з ножем,https://nv.ua/ukr/ukraine/events/napad-pid-chas-mitingu-u-lvovi-cholovik-z-nozhem-zatrimaniy-policiyeyu-50627700.html,"27.07, 22:12",невідомо,unknown,took place,not stated,не вказано,6 Aug
Mykolaiv,Suspilne (Миколаїв),У Миколаєві протестувальники вимагали повернути Федорова та замінити Кіма ветераном,https://suspilne.media/mykolaiv/1365340-u-mikolaevi-protestuvalniki-vimagali-povernuti-fedorova-ta-zaminiti-kima-veteranom/,"27.07, 10:00",«Мкртчян До акції в Миколаєві долучилися близько 35 людей.»,<100,took place,own correspondent,кореспондент Суспільного (Миколаїв),6 Aug
Mykolaiv,Суспільне (нац.),В Україні тривають протести проти відставки Федорова з посади міністра оборони: День 12,https://suspilne.media/1365378-v-ukraini-trivaut-protesti-proti-vidstavki-fedorova-z-posadi-ministra-oboroni-den-12/,"27.07, 10:00",«Будулуца До акції в Миколаєві долучилися близько 35 людей.»,<100,took place,relay,нацвипуск із посиланням на регіональну редакцію,6 Aug
Mykolaiv,Українська правда,У Києві та інших містах 12-й день поспіль відбулися акції на підтримку Федорова,https://www.pravda.com.ua/news/2026/07/27/8046167/,"27.07, 10:00","«фото: ""Суспільне"" фото: ""Суспільне.Харків"" РЕКЛАМА: У Львові, за даними поліції, на акцію, за даними видання, вийшли близько 150 людей, у Дніпрі – близько 80, в Івано-Франківську – приблизно 50, у Рівному – близько 40, а в Миколаєві – близько 35 учасників.»",<100,took place,police,за даними поліції,6 Aug
Mykolaiv,Факти ICTV,У Львові затримали чоловіка з ножем під час мітингу на підтримку Федорова: що відомо,https://fakty.com.ua/ua/ukraine/20260727-u-lvovi-zatrymaly-cholovika-z-nozhem-pid-chas-mityngu-shho-vidomo/,"27.07, 23:26",невідомо,unknown,took place,not stated,не вказано,6 Aug
Odesa,NV,У Львові під час протесту на підтримку Федорова затримали нападника з ножем,https://nv.ua/ukr/ukraine/events/napad-pid-chas-mitingu-u-lvovi-cholovik-z-nozhem-zatrimaniy-policiyeyu-50627700.html,"27.07, 22:12",невідомо,unknown,took place,not stated,не вказано,6 Aug
Odesa,Факти ICTV,У Львові затримали чоловіка з ножем під час мітингу на підтримку Федорова: що відомо,https://fakty.com.ua/ua/ukraine/20260727-u-lvovi-zatrymaly-cholovika-z-nozhem-pid-chas-mityngu-shho-vidomo/,"27.07, 23:26",невідомо,unknown,took place,not stated,не вказано,6 Aug
Rivne,LIGA.net,12-й день протестів за Федорова: акції пройшли у Києві та ще низці міст,https://news.liga.net/ua/society/news/12-y-den-protestiv-za-fedorova-aktsii-proyshly-v-kyievi-ta-shche-nyztsi-mist,"27.07, 10:00",невідомо,unknown,took place,not stated,не вказано,6 Aug
Rivne,NV,У Львові під час протесту на підтримку Федорова затримали нападника з ножем,https://nv.ua/ukr/ukraine/events/napad-pid-chas-mitingu-u-lvovi-cholovik-z-nozhem-zatrimaniy-policiyeyu-50627700.html,"27.07, 22:12",невідомо,unknown,took place,not stated,не вказано,6 Aug
Rivne,Suspilne (Рівне),Понад 40 людей вийшли на мирну акцію на підтримку Михайла Федорова 27 липня у Рівному,https://suspilne.media/rivne/1365352-ponad-40-ludej-vijsli-na-mirnu-akciu-na-pidtrimku-mihajla-fedorova-27-lipna-u-rivnomu/,"27.07, 21:52",«Понад 40 людей попри дощ зібралися 27 липня на Театральній площі у Рівному на мирний протест на підтримку ексміністра оборони України Михайла Федорова.»,<100,took place,own correspondent,кореспондент Суспільного (Рівне),6 Aug
Rivne,Українська правда,У Києві та інших містах 12-й день поспіль відбулися акції на підтримку Федорова,https://www.pravda.com.ua/news/2026/07/27/8046167/,"27.07, 10:00","«фото: ""Суспільне"" фото: ""Суспільне.Харків"" РЕКЛАМА: У Львові, за даними поліції, на акцію, за даними видання, вийшли близько 150 людей, у Дніпрі – близько 80, в Івано-Франківську – приблизно 50, у Рівному – близько 40, а в Миколаєві – близько 35 учасників.»",<100,took place,police,за даними поліції,6 Aug
Rivne,Факти ICTV,У Львові затримали чоловіка з ножем під час мітингу на підтримку Федорова: що відомо,https://fakty.com.ua/ua/ukraine/20260727-u-lvovi-zatrymaly-cholovika-z-nozhem-pid-chas-mityngu-shho-vidomo/,"27.07, 23:26",невідомо,unknown,took place,not stated,не вказано,6 Aug
Uzhhorod,LIGA.net,12-й день протестів за Федорова: акції пройшли у Києві та ще низці міст,https://news.liga.net/ua/society/news/12-y-den-protestiv-za-fedorova-aktsii-proyshly-v-kyievi-ta-shche-nyztsi-mist,"27.07, 10:00",невідомо,unknown,took place,not stated,не вказано,6 Aug
Uzhhorod,Suspilne (Ужгород),"Учасники акції розповіли, чому вже 11-й день поспіль виходять на мітинги: в Ужгороді знову зібралися на мирну акцію",https://suspilne.media/uzhhorod/1365392-ucasniki-akcii-rozpovili-comu-vze-11-j-den-pospil-vihodat-na-mitingi-v-uzgorodi-znovu-zibralisa-na-mirnu-akciu/,"27.07, 21:14",невідомо,unknown,took place,own correspondent,кореспондент Суспільного (Ужгород),6 Aug
Dnipro,Dnipro.media,"«Стояли, стоїмо і будемо стояти!»: як у Дніпрі пройшла 13-та акція на підтримку Федорова",https://www.dnipro.media/novyny-dnipro/stoyaly-stoyimo-i-budemo-stoyaty-yak-u-dnipri-projshla-13-ta-aktsiya-na-pidtrymku-fedorova/,"28.07, 10:00",невідомо,unknown,took place,own correspondent,власне видання,6 Aug
Dnipro,NV,«Почуєте народ — почуєте військових». У Києві та інших містах люди 13-й день протестують проти відставки Федорова — фото,https://nv.ua/ukr/ukraine/politics/protesti-proti-vidstavki-mihayla-fedorova-akciji-v-kiyevi-lvovi-ta-inshih-mistah-50628001.html,"28.07, 10:00",«У Дніпрі до мітингу долучилось близько ста людей.»,100–999,took place,not stated,не вказано,6 Aug
Dnipro,OBOZ.UA,"""Федоров – МО"": у містах України 13-й день поспіль тривають масові мітинги. Фото і відео",https://www.obozrevatel.com/ukr/novosti-obschestvo/fedorov-mo-u-mistah-ukraini-13-j-den-pospil-trivayut-masovi-mitingi-foto-i-video.htm,"28.07, 10:00","«Дніпро У Дніпрі 28 липня тринадцятий день поспіль відбулася акція на підтримку Михайла Федорова, до якої долучилися близько ста людей.»",100–999,took place,not stated,не вказано,6 Aug
Dnipro,Suspilne (Дніпро),У Дніпрі тринадцятий день поспіль тривають акції протесту на підтримку Федорова,https://suspilne.media/dnipro/1366258-u-dnipri-trinadcatij-den-pospil-trivaut-akcii-protestu-na-pidtrimku-fedorova/,"28.07, 20:19",невідомо,unknown,took place,own correspondent,кореспондент Суспільного (Дніпро),6 Aug
Dnipro,Суспільне (нац.),По Україні 13-й день тривають протести за повернення Федорова до Міноборони,https://suspilne.media/1366300-po-ukraini-13-j-den-trivaut-protesti-za-povernenna-fedorova-do-minoboroni/,"28.07, 10:00",«У Дніпрі до протесту долучилися близько ста містян .»,100–999,took place,relay,нацвипуск із посиланням на регіональну редакцію,6 Aug
Ivano-Frankivsk,NV,«Почуєте народ — почуєте військових». У Києві та інших містах люди 13-й день протестують проти відставки Федорова — фото,https://nv.ua/ukr/ukraine/politics/protesti-proti-vidstavki-mihayla-fedorova-akciji-v-kiyevi-lvovi-ta-inshih-mistah-50628001.html,"28.07, 10:00",невідомо,unknown,took place,not stated,не вказано,6 Aug
Ivano-Frankivsk,Suspilne (Івано-Франківськ),Протести з картонками: у Франківську люди продовжують мітингувати за поновлення на посаді ексміністра оборони Федорова,https://suspilne.media/ivano-frankivsk/1366080-protesti-z-kartonkami-u-frankivsku-ludi-prodovzuut-mitinguvati-za-ponovlenna-na-posadi-eksministra-oboroni-fedorova/,"28.07, 20:00",«У Франківську на 17 день акцій до протестної ходи долучилися 200 людей Протести за Федорова.»,100–999,took place,own correspondent,кореспондент Суспільного (Івано-Франківськ),6 Aug
Ivano-Frankivsk,Суспільне (нац.),По Україні 13-й день тривають протести за повернення Федорова до Міноборони,https://suspilne.media/1366300-po-ukraini-13-j-den-trivaut-protesti-za-povernenna-fedorova-do-minoboroni/,"28.07, 10:00",невідомо,unknown,took place,relay,нацвипуск із посиланням на регіональну редакцію,6 Aug
Kharkiv,OBOZ.UA,"""Федоров – МО"": у містах України 13-й день поспіль тривають масові мітинги. Фото і відео",https://www.obozrevatel.com/ukr/novosti-obschestvo/fedorov-mo-u-mistah-ukraini-13-j-den-pospil-trivayut-masovi-mitingi-foto-i-video.htm,"28.07, 10:00","«Харків У Харкові 28 липня на акцію з вимогою повернути Михайла Федорова на посаду міністра оборони, за даними поліції, вийшли близько 90 людей .»",<100,took place,police,за даними поліції,6 Aug
Kharkiv,Suspilne (Харків),"«Сирського прибрали, то чому Федоров досі не на своєму місці»: як пройшов 12 день акції протесту в Харкові",https://suspilne.media/kharkiv/1365390-sirskogo-pribrali-to-comu-fedorov-dosi-ne-na-svoemu-misci-12-den-akcii-pidtrimki-ekministra-oboroni-v-harkovi/,"28.07, 10:00","«На 12 день акцій, які проходять по всій Україні, в Харкові на протест вийшли, за даними поліції, близько 90 людей.»",<100,took place,police,за даними поліції,6 Aug
Kharkiv,Суспільне (нац.),По Україні 13-й день тривають протести за повернення Федорова до Міноборони,https://suspilne.media/1366300-po-ukraini-13-j-den-trivaut-protesti-za-povernenna-fedorova-do-minoboroni/,"28.07, 10:00",невідомо,unknown,took place,relay,нацвипуск із посиланням на регіональну редакцію,6 Aug
Kolomyia,Suspilne (Івано-Франківськ),Протести з картонками: у Франківську люди продовжують мітингувати за поновлення на посаді ексміністра оборони Федорова,https://suspilne.media/ivano-frankivsk/1366080-protesti-z-kartonkami-u-frankivsku-ludi-prodovzuut-mitinguvati-za-ponovlenna-na-posadi-eksministra-oboroni-fedorova/,"28.07, 20:00","«До 785-річчя Коломиї кондитерка Леся Кушнірук презентувала авторський торт міста 6 серпня, 17:44 В Івано-Франківську вперше провели малоінвазивну операцію немовляті.»",100–999,took place,relay,нацвипуск із посиланням на регіональну редакцію,6 Aug
Kyiv,LB.ua,Протести на підтримку Федорова: В Києві проведуть ходу за діалог та реформи,https://lb.ua/society/2026/07/28/755050_protesti_pidtrimku_fedorova.html,"28.07, 14:49",невідомо,unknown,took place,not stated,не вказано,6 Aug
Kyiv,NV,Мітинги проти відставки Федорова. У Києві анонсували ходу за діалог і реформи,https://nv.ua/ukr/kyiv/marsh-protestu-za-reformi-v-kiyevi-veteran-kozyatinskiy-anonsuvav-akciyu-50627882.html,"28.07, 14:48",невідомо,unknown,took place,not stated,не вказано,6 Aug
Kyiv,NV,«Почуєте народ — почуєте військових». У Києві та інших містах люди 13-й день протестують проти відставки Федорова — фото,https://nv.ua/ukr/ukraine/politics/protesti-proti-vidstavki-mihayla-fedorova-akciji-v-kiyevi-lvovi-ta-inshih-mistah-50628001.html,"28.07, 10:00",невідомо,unknown,took place,not stated,не вказано,6 Aug
Kyiv,NV,"Протести тривають, але в команді Зеленського історію зі звільненням Федорова вважають закритою — ЗМІ",https://nv.ua/ukr/ukraine/politics/u-komandi-volodimira-zelenskogo-vidpovili-chi-mozhe-vin-povernuti-mihayla-fedorova-50627801.html,"28.07, 11:42",невідомо,unknown,took place,not stated,не вказано,6 Aug
Kyiv,OBOZ.UA,"""Федоров – МО"": у містах України 13-й день поспіль тривають масові мітинги. Фото і відео",https://www.obozrevatel.com/ukr/novosti-obschestvo/fedorov-mo-u-mistah-ukraini-13-j-den-pospil-trivayut-masovi-mitingi-foto-i-video.htm,"28.07, 10:00",невідомо,unknown,took place,not stated,не вказано,6 Aug
Kyiv,Suspilne (Львів),"«Міняйте полонених, а не Федорова»: львів'яни 13 день поспіль вийшли на акцію протесту",https://suspilne.media/lviv/1366200-minajte-polonenih-a-ne-fedorova-lvivani-13-den-pospil-vijsli-na-akciu-protestu/,"28.07, 19:56",невідомо,unknown,took place,relay,нацвипуск із посиланням на регіональну редакцію,6 Aug
Kyiv,Suspilne (Суми),У Сумах відбулася акція на підтримку Федорова,https://suspilne.media/sumy/1366286-u-sumah-vidbulasa-akcia-na-pidtrimku-fedorova/,"28.07, 22:03",невідомо,unknown,took place,relay,нацвипуск із посиланням на регіональну редакцію,6 Aug
Kyiv,Suspilne (Ужгород),13-й день: в Ужгороді знову зібралися на мирну акцію на підтримку ексміністра Федорова,https://suspilne.media/uzhhorod/1366256-12-j-den-v-uzgorodi-znovu-zibralisa-na-mirnu-akciu-na-pidtrimku-eksministra-fedorova/,"28.07, 20:21",невідомо,unknown,took place,relay,нацвипуск із посиланням на регіональну редакцію,6 Aug
Kyiv,Texty.org.ua,На акції на підтримку Федорова у Львові чоловік із ножем намагався напасти на спікерів: його особу встановлено (ФОТО),https://texty.org.ua/fragments/117958/policiya-vstanovyla-osobu-cholovika-zatrymanoho-z-nozhem-pid-chas-akciyi-na-pidtrymku-fedorova-u-lvovi-foto/,"28.07, 10:00",невідомо,unknown,took place,not stated,не вказано,6 Aug
Kyiv,АРГУМЕНТ,Протести за Федорова: анонсована хода за діалог і реформи,https://argumentua.com/novini/protesti-za-fedorova-anonsovana-khoda-za-dialog-i-reformi,"28.07, 16:12",невідомо,unknown,took place,not stated,не вказано,6 Aug
Kyiv,Багнет,"31 липня у Києві відбудеться протестна хода за реформи в оборонці, інші міста можуть долучитися",https://www.bagnet.org/news/society/1401574/31-lipnya-u-kievi-vidbudetsya-protestna-hoda-za-reformi-v-oborontsi-inshi-mista-mozhut-doluchitisya,"29.07, 00:01",невідомо,unknown,took place,not stated,не вказано,6 Aug
Kyiv,Гордон,Зеленський вважає закритим питання заміни міністра оборони – ЗМІ,https://gordonua.com/ukr/section-politics/news-zelenskyy-vvazhaye-zakrytym-pytannya-zminy-ministra-oborony-zmi-28-07-2026.html,"28.07, 10:00",невідомо,unknown,took place,not stated,не вказано,6 Aug
Kyiv,Суспільне (нац.),По Україні 13-й день тривають протести за повернення Федорова до Міноборони,https://suspilne.media/1366300-po-ukraini-13-j-den-trivaut-protesti-za-povernenna-fedorova-do-minoboroni/,"28.07, 10:00",невідомо,unknown,took place,relay,нацвипуск із посиланням на регіональну редакцію,6 Aug
Kyiv,Українська правда,Протести за Федорова: У Києві анонсували ходу замість щоденної акції,https://www.pravda.com.ua/news/2026/07/28/8046236/,"28.07, 10:00",невідомо,unknown,took place,not stated,не вказано,6 Aug
Kyiv,Українська правда,У Львові на акції проти відставки Федорова затримали психічно хворого чоловіка з ножем,https://www.pravda.com.ua/news/2026/07/28/8046243/,"28.07, 10:00",невідомо,unknown,took place,not stated,не вказано,6 Aug
Lviv,24 Канал,"Зеленський не планує повертати Федорова в Міноборони, – ЗМІ",https://24tv.ua/zelenskiy-ne-planuye-povertati-fedorova-minoboroni-zmi_n3113067,"28.07, 10:23",невідомо,unknown,took place,not stated,не вказано,6 Aug
Lviv,OBOZ.UA,"""Федоров – МО"": у містах України 13-й день поспіль тривають масові мітинги. Фото і відео",https://www.obozrevatel.com/ukr/novosti-obschestvo/fedorov-mo-u-mistah-ukraini-13-j-den-pospil-trivayut-masovi-mitingi-foto-i-video.htm,"28.07, 10:00",«Львів У Львові 28 липня близько 200 людей зібралися на проспекті Свободи біля пам'ятника Тарасові Шевченку на мирну акцію з вимогою повернути Михайла Федорова на посаду міністра оборони.»,100–999,took place,not stated,не вказано,6 Aug
Lviv,UA.NEWS,На акції на підтримку Федорова у Львові затримали озброєного ножем чоловіка,https://ua.news/uA/ukraine/na-aktsiyi-na-pidtrimku-fedorova-u-lvovi-zatrimali-ozbroienogo-nozhem-cholovika,"28.07, 07:22",невідомо,unknown,took place,not stated,не вказано,6 Aug
Lviv,UA.NEWS,На акції на підтримку Федорова у Львові затримали озброєного ножем чоловіка,https://ua.news/ua/ukraine/na-aktsiyi-na-pidtrimku-fedorova-u-lvovi-zatrimali-ozbroienogo-nozhem-cholovika,"28.07, 10:00",невідомо,unknown,took place,not stated,не вказано,6 Aug
Lviv,Суспільне (нац.),По Україні 13-й день тривають протести за повернення Федорова до Міноборони,https://suspilne.media/1366300-po-ukraini-13-j-den-trivaut-protesti-za-povernenna-fedorova-do-minoboroni/,"28.07, 10:00",«У Львові біля пам'ятника Тарасові Шевченку зібралися близько 200 людей.»,100–999,took place,relay,нацвипуск із посиланням на регіональну редакцію,6 Aug
Lviv,Українська правда,У Львові на акції проти відставки Федорова затримали психічно хворого чоловіка з ножем,https://www.pravda.com.ua/news/2026/07/28/8046243/,"28.07, 10:00","«У Львові, за даними поліції, на акцію вийшли близько 150 людей.»",100–999,took place,police,за даними поліції,6 Aug
Mykolaiv,NV,«Почуєте народ — почуєте військових». У Києві та інших містах люди 13-й день протестують проти відставки Федорова — фото,https://nv.ua/ukr/ukraine/politics/protesti-proti-vidstavki-mihayla-fedorova-akciji-v-kiyevi-lvovi-ta-inshih-mistah-50628001.html,"28.07, 10:00",невідомо,unknown,took place,not stated,не вказано,6 Aug
Mykolaiv,OBOZ.UA,"""Федоров – МО"": у містах України 13-й день поспіль тривають масові мітинги. Фото і відео",https://www.obozrevatel.com/ukr/novosti-obschestvo/fedorov-mo-u-mistah-ukraini-13-j-den-pospil-trivayut-masovi-mitingi-foto-i-video.htm,"28.07, 10:00",«Миколаїв У Миколаєві 28 липня близько 25 людей зібралися біля будівлі міської ради на акцію на підтримку Михайла Федорова.»,<100,took place,not stated,не вказано,6 Aug
Mykolaiv,Suspilne (Миколаїв),День 13. У Миколаєві протестувальники вимагають повернути Федорова на посаду міністра оборони,https://suspilne.media/mykolaiv/1366254-den-13-u-mikolaevi-protestuvalniki-vimagaut-povernuti-fedorova-na-posadu-ministra-oboroni/,"28.07, 20:16",невідомо,unknown,took place,own correspondent,кореспондент Суспільного (Миколаїв),6 Aug
Mykolaiv,Суспільне (нац.),По Україні 13-й день тривають протести за повернення Федорова до Міноборони,https://suspilne.media/1366300-po-ukraini-13-j-den-trivaut-protesti-za-povernenna-fedorova-do-minoboroni/,"28.07, 10:00",«У Миколаєві біля міської ради зібралися близько 25 учасників із плакатами та гаслами.»,<100,took place,relay,нацвипуск із посиланням на регіональну редакцію,6 Aug
Rivne,OBOZ.UA,"""Федоров – МО"": у містах України 13-й день поспіль тривають масові мітинги. Фото і відео",https://www.obozrevatel.com/ukr/novosti-obschestvo/fedorov-mo-u-mistah-ukraini-13-j-den-pospil-trivayut-masovi-mitingi-foto-i-video.htm,"28.07, 10:00","«Рівне У Рівному 28 липня приблизно тридцять людей знову вийшли на Театральну площу з картонними плакатами та прапорами, щоб підтримати ексміністра оборони Михайла Федорова.»",<100,took place,not stated,не вказано,6 Aug
Rivne,Суспільне (нац.),По Україні 13-й день тривають протести за повернення Федорова до Міноборони,https://suspilne.media/1366300-po-ukraini-13-j-den-trivaut-protesti-za-povernenna-fedorova-do-minoboroni/,"28.07, 10:00",«Хушану У Рівному на Театральну площу вийшли приблизно 30 людей.»,<100,took place,relay,нацвипуск із посиланням на регіональну редакцію,6 Aug
Uzhhorod,OBOZ.UA,"""Федоров – МО"": у містах України 13-й день поспіль тривають масові мітинги. Фото і відео",https://www.obozrevatel.com/ukr/novosti-obschestvo/fedorov-mo-u-mistah-ukraini-13-j-den-pospil-trivayut-masovi-mitingi-foto-i-video.htm,"28.07, 10:00",невідомо,unknown,took place,not stated,не вказано,6 Aug
Uzhhorod,Suspilne (Ужгород),13-й день: в Ужгороді знову зібралися на мирну акцію на підтримку ексміністра Федорова,https://suspilne.media/uzhhorod/1366256-12-j-den-v-uzgorodi-znovu-zibralisa-na-mirnu-akciu-na-pidtrimku-eksministra-fedorova/,"28.07, 20:21",невідомо,unknown,took place,own correspondent,кореспондент Суспільного (Ужгород),6 Aug
Uzhhorod,Суспільне (нац.),По Україні 13-й день тривають протести за повернення Федорова до Міноборони,https://suspilne.media/1366300-po-ukraini-13-j-den-trivaut-protesti-za-povernenna-fedorova-do-minoboroni/,"28.07, 10:00",невідомо,unknown,took place,relay,нацвипуск із посиланням на регіональну редакцію,6 Aug
Vinnytsia,NV,«Почуєте народ — почуєте військових». У Києві та інших містах люди 13-й день протестують проти відставки Федорова — фото,https://nv.ua/ukr/ukraine/politics/protesti-proti-vidstavki-mihayla-fedorova-akciji-v-kiyevi-lvovi-ta-inshih-mistah-50628001.html,"28.07, 10:00",невідомо,unknown,took place,not stated,не вказано,6 Aug
Zaporizhzhia,Suspilne (Запоріжжя),"«Всі абсолютно будуть захищені»: очільник ОВА Іван Федоров про безпекові заходи, які запроваджуються у Запоріжжі",https://suspilne.media/zaporizhzhia/1365784-vsi-absolutno-budut-zahiseni-ocilnik-ova-ivan-fedorov-pro-bezpekovi-zahodi-aki-zaprovadzuutsa-u-zaporizzi/,"28.07, 18:40",невідомо,unknown,took place,own correspondent,кореспондент Суспільного (Запоріжжя),6 Aug
Zhytomyr,OBOZ.UA,"""Федоров – МО"": у містах України 13-й день поспіль тривають масові мітинги. Фото і відео",https://www.obozrevatel.com/ukr/novosti-obschestvo/fedorov-mo-u-mistah-ukraini-13-j-den-pospil-trivayut-masovi-mitingi-foto-i-video.htm,"28.07, 10:00",невідомо,unknown,took place,not stated,не вказано,6 Aug
Zhytomyr,Suspilne (Житомир),У Житомирі люди знову вийшли на протести проти відставки Федорова,https://suspilne.media/zhytomyr/1366260-u-zitomiri-ludi-znovu-vijsli-na-protesti-proti-vidstavki-fedorova/,"28.07, 21:03",невідомо,unknown,took place,own correspondent,кореспондент Суспільного (Житомир),6 Aug
Zhytomyr,Суспільне (нац.),По Україні 13-й день тривають протести за повернення Федорова до Міноборони,https://suspilne.media/1366300-po-ukraini-13-j-den-trivaut-protesti-za-povernenna-fedorova-do-minoboroni/,"28.07, 10:00",невідомо,unknown,took place,relay,нацвипуск із посиланням на регіональну редакцію,6 Aug
Dnipro,Censor.NET,В Україні 14-й день поспіль тривають масові мітинги проти відставки Федорова. ФОТОрепортаж,https://censor.net/ua/news/4015978/protesty-v-ukrayini-14-den-cherez-zvilnennya-fedorova,"29.07, 22:00",«Більше читайте у нашому Telegram-каналі Люди виходять на вулиці та озвучують вимоги У Дніпрі на акцію зібралися близько 80 людей.»,<100,took place,not stated,не вказано,6 Aug
Dnipro,Publika.ua,«Людей досі ігнорують». В Україні 14-й день поспіль тривають протести проти звільнення Михайла Федорова,https://www.publika.ua/rssnews/uanews/1365343/?page\\u003d30,"29.07, 10:00",невідомо,unknown,took place,not stated,не вказано,6 Aug
Dnipro,Publika.ua,«Людей досі ігнорують». В Україні 14-й день поспіль тривають протести проти звільнення Михайла Федорова,https://www.publika.ua/rssnews/uanews/1365343/?page\\u003d18,"29.07, 22:06",невідомо,unknown,took place,not stated,не вказано,6 Aug
Dnipro,Publika.ua,«Людей досі ігнорують». В Україні 14-й день поспіль тривають протести проти звільнення Михайла Федорова,https://www.publika.ua/rssnews/uanews/1365343/,"29.07, 22:31",невідомо,unknown,took place,not stated,не вказано,6 Aug
Dnipro,Suspilne (Дніпро),"«Будемо виходити, доки президент не виправить свою помилку». 14-й день мітингів на підтримку Федорова у Дніпрі",https://suspilne.media/dnipro/1367096-vimogi-nezminni-14-j-den-mitingiv-na-pidtrimku-fedorova-u-dnipri/,"29.07, 20:05",невідомо,unknown,took place,own correspondent,кореспондент Суспільного (Дніпро),6 Aug
Ivano-Frankivsk,Censor.NET,В Україні 14-й день поспіль тривають масові мітинги проти відставки Федорова. ФОТОрепортаж,https://censor.net/ua/news/4015978/protesty-v-ukrayini-14-den-cherez-zvilnennya-fedorova,"29.07, 22:00",«В Івано-Франківську на площу вийшли майже 50 людей.»,<100,took place,not stated,не вказано,6 Aug
Ivano-Frankivsk,Suspilne (Івано-Франківськ),Мітинг за поновлення на посаді ексміністра оборони Федорова. День чотирнадцятий,https://suspilne.media/ivano-frankivsk/1366896-miting-za-ponovlenna-na-posadi-eksministra-oboroni-fedorova-den-cotirnadcatij/,"29.07, 20:32",«У Франківську на 17 день акцій до протестної ходи долучилися 200 людей Протести за Федорова.»,100–999,took place,own correspondent,кореспондент Суспільного (Івано-Франківськ),6 Aug
Ivano-Frankivsk,Інформатор (Івано-Франківськ),«Не чути свій народ — це ганьба»: у Франківську 14-й день триває мітинг на підтримку Федорова (ФОТО) - Інформатор Івано-Франківськ,https://if.informator.ua/2026/07/29/ne-chuty-svij-narod-cze-ganba-u-frankivsku-14-j-den-tryvaye-mityng-na-pidtrymku-fedorova-foto/,"29.07, 19:30",невідомо,unknown,took place,own correspondent,власне видання,6 Aug
Kharkiv,Publika.ua,«Людей досі ігнорують». В Україні 14-й день поспіль тривають протести проти звільнення Михайла Федорова,https://www.publika.ua/rssnews/uanews/1365343/?page\\u003d30,"29.07, 10:00",невідомо,unknown,took place,not stated,не вказано,6 Aug
Kharkiv,Publika.ua,«Людей досі ігнорують». В Україні 14-й день поспіль тривають протести проти звільнення Михайла Федорова,https://www.publika.ua/rssnews/uanews/1365343/?page\\u003d18,"29.07, 22:06",невідомо,unknown,took place,not stated,не вказано,6 Aug
Kharkiv,Publika.ua,«Людей досі ігнорують». В Україні 14-й день поспіль тривають протести проти звільнення Михайла Федорова,https://www.publika.ua/rssnews/uanews/1365343/,"29.07, 22:31",невідомо,unknown,took place,not stated,не вказано,6 Aug
Kolomyia,Suspilne (Івано-Франківськ),Мітинг за поновлення на посаді ексміністра оборони Федорова. День чотирнадцятий,https://suspilne.media/ivano-frankivsk/1366896-miting-za-ponovlenna-na-posadi-eksministra-oboroni-fedorova-den-cotirnadcatij/,"29.07, 20:32","«До 785-річчя Коломиї кондитерка Леся Кушнірук презентувала авторський торт міста 6 серпня, 17:44 В Івано-Франківську вперше провели малоінвазивну операцію немовляті.»",100–999,took place,relay,нацвипуск із посиланням на регіональну редакцію,6 Aug
Kremenchuk,Кременчуцька газета,У Кременчуці продовжуються «картонні» акції на підтримку Федорова,https://kg.ua/news/kremenchuk-ta-regioni/u-kremenchuci-prodovzhuyutsya-kartonni-akciyi-na-pidtrimku-fedorova,"29.07, 18:10",невідомо,unknown,took place,own correspondent,власне видання,6 Aug
Kropyvnytskyi,Гречка (Кропивницький),«Президенту треба подарувати курси з тайм-менеджменту»: чому кропивничани продовжують «картонкові» протести - Гречка,https://gre4ka.info/suspilstvo/prezydentu-treba-podaruvaty-kursy-z-tajm-menedzhmentu-chomu-kropyvnychany-prodovzhuyut-kartonkovi-protesty/,"29.07, 09:51",невідомо,unknown,took place,own correspondent,власне видання,6 Aug
Kropyvnytskyi,Доступ.Медіа,"""Повернення Федорова має значення"": у Кропивницькому відбувся черговий мітинг",https://dostyp.com.ua/novini/povernennya-fedorova-maye-znachennya-u-kropivnickomu-vidbuvsya-chergovij-miting/,"29.07, 21:19","«Перша акція протесту в Кропивницькому відбулася 16 липня , коли на площі Героїв Майдану зібралося близько 50 містян.»",<100,took place,own correspondent,власне видання,6 Aug
Kyiv,24 Канал,Мітинги по Україні тривають 13-й день поспіль: люди вимагають повернути Федорова до Міноборони,https://24tv.ua/protesti-za-fedorova-28-lipnya-ukrayintsi-znovu-mitinguyut-riznih_n3113605,"29.07, 08:33",невідомо,unknown,took place,not stated,не вказано,6 Aug
Kyiv,Censor.NET,В Україні 14-й день поспіль тривають масові мітинги проти відставки Федорова. ФОТОрепортаж,https://censor.net/ua/news/4015978/protesty-v-ukrayini-14-den-cherez-zvilnennya-fedorova,"29.07, 22:00",невідомо,unknown,took place,not stated,не вказано,6 Aug
Kyiv,NV,"Федоров назвав справжню причину своєї відставки, це не конфлікт із Сирським",https://nv.ua/ukr/ukraine/politics/vidstavka-fedorova-eksministr-poyasniv-spravzhnyu-prichinu-zmini-u-minoboroni-50628329.html,"29.07, 22:29",невідомо,unknown,took place,not stated,не вказано,6 Aug
Kyiv,NV,"Федоров заявив, що про кандидатуру Клименка дізнався лише незадовго до засідання фракції",https://nv.ua/ukr/ukraine/politics/vidstavka-fedorova-koli-zelenskiy-povidomiv-yomu-pro-kandidaturu-klimenka-50628337.html,"30.07, 00:01",невідомо,unknown,took place,not stated,не вказано,6 Aug
Kyiv,NV,«Людей досі ігнорують». В Україні 14-й день поспіль тривають протести проти звільнення Михайла Федорова,https://nv.ua/ukr/ukraine/events/protesti-za-povernennya-fedorova-14-den-akciji-u-mistah-ukrajini-trivaye-50628318.html,"29.07, 22:06",невідомо,unknown,took place,not stated,не вказано,6 Aug
Kyiv,Publika.ua,«Людей досі ігнорують». В Україні 14-й день поспіль тривають протести проти звільнення Михайла Федорова,https://www.publika.ua/rssnews/uanews/1365343/?page\\u003d30,"29.07, 10:00",невідомо,unknown,took place,not stated,не вказано,6 Aug
Kyiv,Publika.ua,«Людей досі ігнорують». В Україні 14-й день поспіль тривають протести проти звільнення Михайла Федорова,https://www.publika.ua/rssnews/uanews/1365343/?page\\u003d18,"29.07, 22:06",невідомо,unknown,took place,not stated,не вказано,6 Aug
Kyiv,Publika.ua,«Людей досі ігнорують». В Україні 14-й день поспіль тривають протести проти звільнення Михайла Федорова,https://www.publika.ua/rssnews/uanews/1365343/,"29.07, 22:31",невідомо,unknown,took place,not stated,не вказано,6 Aug
Kyiv,Suspilne (Полтава),"""Поверніть Федорова"": у Полтаві 29 липня знову відбулася акція протесту",https://suspilne.media/poltava/1367132-povernit-fedorova-u-poltavi-29-lipna-znovu-vidbulasa-akcia-protestu/,"29.07, 21:25",невідомо,unknown,took place,relay,нацвипуск із посиланням на регіональну редакцію,6 Aug
Kyiv,Suspilne (Ужгород),В Ужгороді люди продовжують мітингувати за поновлення на посаді ексміністра оборони Федорова,https://suspilne.media/uzhhorod/1367106-v-uzgorodi-ludi-prodovzuut-mitinguvati-za-ponovlenna-na-posadi-eksministra-oboroni-fedorova/,"29.07, 20:22",невідомо,unknown,took place,relay,нацвипуск із посиланням на регіональну редакцію,6 Aug
Kyiv,Громадське,У Києві вкотре вийшли на протести за повернення Федорова (ФОТО),https://hromadske.ua/suspilstvo/268520-u-kyyevi-vkotre-vyyshly-na-protesty-za-povernennia-fedorova-foto,"29.07, 21:35",невідомо,unknown,took place,not stated,не вказано,6 Aug
Kyiv,Українська правда,"100%: Федоров про те, чи готовий повернутись до Міністерства оборони",https://www.pravda.com.ua/news/2026/07/30/8046472/,"30.07, 01:43",невідомо,unknown,took place,not stated,не вказано,6 Aug
Lviv,24 Канал,Мітинги по Україні тривають 13-й день поспіль: люди вимагають повернути Федорова до Міноборони,https://24tv.ua/protesti-za-fedorova-28-lipnya-ukrayintsi-znovu-mitinguyut-riznih_n3113605,"29.07, 08:33",невідомо,unknown,took place,not stated,не вказано,6 Aug
Lviv,Громадське,У Києві вкотре вийшли на протести за повернення Федорова (ФОТО),https://hromadske.ua/suspilstvo/268520-u-kyyevi-vkotre-vyyshly-na-protesty-za-povernennia-fedorova-foto,"29.07, 21:35",невідомо,unknown,took place,not stated,не вказано,6 Aug
Mykolaiv,Suspilne (Миколаїв),14 день поспіль миколаївці збираються на акцію на підтримку Федорова,https://suspilne.media/mykolaiv/1367082-14-den-pospil-mikolaivci-zbirautsa-na-akciu-na-pidtrimku-fedorova/,"29.07, 19:43",невідомо,unknown,took place,own correspondent,кореспондент Суспільного (Миколаїв),6 Aug
Odesa,Publika.ua,«Людей досі ігнорують». В Україні 14-й день поспіль тривають протести проти звільнення Михайла Федорова,https://www.publika.ua/rssnews/uanews/1365343/?page\\u003d30,"29.07, 10:00",невідомо,unknown,took place,not stated,не вказано,6 Aug
Odesa,Publika.ua,«Людей досі ігнорують». В Україні 14-й день поспіль тривають протести проти звільнення Михайла Федорова,https://www.publika.ua/rssnews/uanews/1365343/?page\\u003d18,"29.07, 22:06",невідомо,unknown,took place,not stated,не вказано,6 Aug
Odesa,Publika.ua,«Людей досі ігнорують». В Україні 14-й день поспіль тривають протести проти звільнення Михайла Федорова,https://www.publika.ua/rssnews/uanews/1365343/,"29.07, 22:31",невідомо,unknown,took place,not stated,не вказано,6 Aug
Poltava,Suspilne (Полтава),"""Поверніть Федорова"": у Полтаві 29 липня знову відбулася акція протесту",https://suspilne.media/poltava/1367132-povernit-fedorova-u-poltavi-29-lipna-znovu-vidbulasa-akcia-protestu/,"29.07, 21:25",невідомо,unknown,took place,own correspondent,кореспондент Суспільного (Полтава),6 Aug
Poltava,Інтернет-видання «Полтавщина,У Полтаві анонсували протестну ходу за повернення Федорова - Інтернет-видання «Полтавщина,https://poltava.to/news/87523/,"29.07, 12:27",невідомо,unknown,took place,not stated,не вказано,6 Aug
Rivne,Publika.ua,«Людей досі ігнорують». В Україні 14-й день поспіль тривають протести проти звільнення Михайла Федорова,https://www.publika.ua/rssnews/uanews/1365343/?page\\u003d30,"29.07, 10:00",невідомо,unknown,took place,not stated,не вказано,6 Aug
Rivne,Publika.ua,«Людей досі ігнорують». В Україні 14-й день поспіль тривають протести проти звільнення Михайла Федорова,https://www.publika.ua/rssnews/uanews/1365343/?page\\u003d18,"29.07, 22:06",невідомо,unknown,took place,not stated,не вказано,6 Aug
Rivne,Publika.ua,«Людей досі ігнорують». В Україні 14-й день поспіль тривають протести проти звільнення Михайла Федорова,https://www.publika.ua/rssnews/uanews/1365343/,"29.07, 22:31",невідомо,unknown,took place,not stated,не вказано,6 Aug
Rivne,Rayon.in.ua,У Рівному понад тиждень тривають протести за повернення Федорова: 31 липня відбудеться хода містом,https://rivne.rayon.in.ua/news/1090623-u-rivnomu-ponad-tizden-trivaiut-protesti-za-povernennia-fedorova-31-lipnia-vidbudetsia-xoda-mistom,"29.07, 18:56",невідомо,unknown,took place,own correspondent,власне видання,6 Aug
Uzhhorod,Suspilne (Ужгород),В Ужгороді люди продовжують мітингувати за поновлення на посаді ексміністра оборони Федорова,https://suspilne.media/uzhhorod/1367106-v-uzgorodi-ludi-prodovzuut-mitinguvati-za-ponovlenna-na-posadi-eksministra-oboroni-fedorova/,"29.07, 20:22",невідомо,unknown,took place,own correspondent,кореспондент Суспільного (Ужгород),6 Aug
Zaporizhzhia,Censor.NET,В Україні 14-й день поспіль тривають масові мітинги проти відставки Федорова. ФОТОрепортаж,https://censor.net/ua/news/4015978/protesty-v-ukrayini-14-den-cherez-zvilnennya-fedorova,"29.07, 22:00",невідомо,unknown,took place,not stated,не вказано,6 Aug
Zaporizhzhia,Publika.ua,«Людей досі ігнорують». В Україні 14-й день поспіль тривають протести проти звільнення Михайла Федорова,https://www.publika.ua/rssnews/uanews/1365343/?page\\u003d30,"29.07, 10:00",невідомо,unknown,took place,not stated,не вказано,6 Aug
Zaporizhzhia,Publika.ua,«Людей досі ігнорують». В Україні 14-й день поспіль тривають протести проти звільнення Михайла Федорова,https://www.publika.ua/rssnews/uanews/1365343/?page\\u003d18,"29.07, 22:06",невідомо,unknown,took place,not stated,не вказано,6 Aug
Zaporizhzhia,Publika.ua,«Людей досі ігнорують». В Україні 14-й день поспіль тривають протести проти звільнення Михайла Федорова,https://www.publika.ua/rssnews/uanews/1365343/,"29.07, 22:31",невідомо,unknown,took place,not stated,не вказано,6 Aug
Zhytomyr,Publika.ua,«Людей досі ігнорують». В Україні 14-й день поспіль тривають протести проти звільнення Михайла Федорова,https://www.publika.ua/rssnews/uanews/1365343/?page\\u003d30,"29.07, 10:00",невідомо,unknown,took place,not stated,не вказано,6 Aug
Zhytomyr,Publika.ua,«Людей досі ігнорують». В Україні 14-й день поспіль тривають протести проти звільнення Михайла Федорова,https://www.publika.ua/rssnews/uanews/1365343/?page\\u003d18,"29.07, 22:06",невідомо,unknown,took place,not stated,не вказано,6 Aug
Zhytomyr,Publika.ua,«Людей досі ігнорують». В Україні 14-й день поспіль тривають протести проти звільнення Михайла Федорова,https://www.publika.ua/rssnews/uanews/1365343/,"29.07, 22:31",невідомо,unknown,took place,not stated,не вказано,6 Aug
Dnipro,Suspilne (Дніпро),«Федоров — МО». У Дніпрі 15 день поспіль пройшла акція протесту,https://suspilne.media/dnipro/1368000-fedorov-mo-u-dnipri-15-den-pospil-projsla-akcia-protestu/,"30.07, 21:16",невідомо,unknown,took place,own correspondent,кореспондент Суспільного (Дніпро),6 Aug
Ivano-Frankivsk,Censor.NET,Протести не вщухають: українці 15 днів вимагають повернути Федорова на посаду міністра оборони. ФОТОрепортаж,https://censor.net/ua/news/4016183/protesty-za-fedorova-tryvayut-15-den-u-kilkoh-mistah-ukrayiny,"30.07, 23:07",«В Івано-Франківську на площу перед адмінбудівлею прийшли приблизно 60 людей.»,<100,took place,not stated,не вказано,6 Aug
Ivano-Frankivsk,NV,П’ятнадцятий день поспіль в Україні тривають протести за повернення Федорова — фото,https://nv.ua/ukr/ukraine/events/protesti-proti-zvilnennya-fedorova-akciji-trivayut-u-mistah-ukrajini-50628632.html,"30.07, 21:17","«Протести у Львові, 30 липня / Фото: Суспільне Львів Протести у Львові, 30 липня / Фото: Суспільне Львів В Івано-Франківську на мітинг вийшли близько 60 містян зі скандуванням «Федоров — міністр оборони»»",<100,took place,not stated,не вказано,6 Aug
Ivano-Frankivsk,OBOZ.UA,"""Україна понад усе"": 15-й день поспіль тривають масові мітинги за повернення Федорова. Фото і відео",https://www.obozrevatel.com/ukr/novosti-obschestvo/ukraina-ponad-use-15-j-den-pospil-trivayut-masovi-mitingi-za-povernennya-fedorova-na-posadu-ministra-oboroni-foto-i-video.htm,"30.07, 21:52",невідомо,unknown,took place,not stated,не вказано,6 Aug
Ivano-Frankivsk,Suspilne (Івано-Франківськ),У Франківську люди продовжують мітингувати за поновлення на посаді ексміністра оборони Федорова. День пʼятнадцятий,https://suspilne.media/ivano-frankivsk/1367804-u-frankivsku-ludi-prodovzuut-mitinguvati-za-ponovlenna-na-posadi-eksministra-oboroni-fedorova-den-patnadcatij/,"30.07, 19:52",«У Франківську на 17 день акцій до протестної ходи долучилися 200 людей Протести за Федорова.»,100–999,took place,own correspondent,кореспондент Суспільного (Івано-Франківськ),6 Aug
Ivano-Frankivsk,Інформатор (Івано-Франківськ),"«Ми дотиснемо, бо нам тут жити»: у Франківську пʼятнадцятий день мітингують на підтримку Федорова - Інформатор Івано-Франківськ",https://if.informator.ua/2026/07/30/my-dotysnemo-bo-nam-tut-zhyty-u-frankivsku-p%CA%BCyatnadczyatyj-den-mitynguyut-na-pidtrymku-fedorova/,"30.07, 19:49",невідомо,unknown,took place,own correspondent,власне видання,6 Aug
Kolomyia,Suspilne (Івано-Франківськ),У Франківську люди продовжують мітингувати за поновлення на посаді ексміністра оборони Федорова. День пʼятнадцятий,https://suspilne.media/ivano-frankivsk/1367804-u-frankivsku-ludi-prodovzuut-mitinguvati-za-ponovlenna-na-posadi-eksministra-oboroni-fedorova-den-patnadcatij/,"30.07, 19:52","«До 785-річчя Коломиї кондитерка Леся Кушнірук презентувала авторський торт міста 6 серпня, 17:44 В Івано-Франківську вперше провели малоінвазивну операцію немовляті.»",100–999,took place,relay,нацвипуск із посиланням на регіональну редакцію,6 Aug
Kyiv,Censor.NET,Протести не вщухають: українці 15 днів вимагають повернути Федорова на посаду міністра оборони. ФОТОрепортаж,https://censor.net/ua/news/4016183/protesty-za-fedorova-tryvayut-15-den-u-kilkoh-mistah-ukrayiny,"30.07, 23:07",невідомо,unknown,took place,not stated,не вказано,6 Aug
Kyiv,NV,П’ятнадцятий день поспіль в Україні тривають протести за повернення Федорова — фото,https://nv.ua/ukr/ukraine/events/protesti-proti-zvilnennya-fedorova-akciji-trivayut-u-mistah-ukrajini-50628632.html,"30.07, 21:17",невідомо,unknown,took place,not stated,не вказано,6 Aug
Kyiv,OBOZ.UA,"""Україна понад усе"": 15-й день поспіль тривають масові мітинги за повернення Федорова. Фото і відео",https://www.obozrevatel.com/ukr/novosti-obschestvo/ukraina-ponad-use-15-j-den-pospil-trivayut-masovi-mitingi-za-povernennya-fedorova-na-posadu-ministra-oboroni-foto-i-video.htm,"30.07, 21:52",невідомо,unknown,took place,not stated,не вказано,6 Aug
Kyiv,Suspilne (Івано-Франківськ),У Франківську люди продовжують мітингувати за поновлення на посаді ексміністра оборони Федорова. День пʼятнадцятий,https://suspilne.media/ivano-frankivsk/1367804-u-frankivsku-ludi-prodovzuut-mitinguvati-za-ponovlenna-na-posadi-eksministra-oboroni-fedorova-den-patnadcatij/,"30.07, 19:52",невідомо,unknown,took place,relay,нацвипуск із посиланням на регіональну редакцію,6 Aug
Kyiv,Suspilne (Львів),Львів’яни вкотре вийшли на акцію проти звільнення Федорова з посади міністра оборони,https://suspilne.media/lviv/1367952-lvivani-vkotre-vijsli-na-akciu-proti-zvilnenna-fedorova-z-posadi-ministra-oboroni/,"30.07, 20:34",невідомо,unknown,took place,relay,нацвипуск із посиланням на регіональну редакцію,6 Aug
Kyiv,Suspilne (Ужгород),П'ятнадцятий день поспіль ужгородці виходять на мирну акцію на підтримку Федорова,https://suspilne.media/uzhhorod/1367954-patnadcatij-den-pospil-uzgorodci-vihodat-na-mirnu-akciu-na-pidtrimku-fedorova/,"30.07, 20:35",невідомо,unknown,took place,relay,нацвипуск із посиланням на регіональну редакцію,6 Aug
Kyiv,Букви,"Федоров розповів про відставку, розмову з Зеленським і плани",https://bukvy.org/pro-zvilnennya-mobilizatsijnu-reformu-ta-konflikt-z-genshtabom-golovne-z-interv-yu-fedorova/,"30.07, 13:02",невідомо,unknown,took place,not stated,не вказано,6 Aug
Lviv,Censor.NET,Протести не вщухають: українці 15 днів вимагають повернути Федорова на посаду міністра оборони. ФОТОрепортаж,https://censor.net/ua/news/4016183/protesty-za-fedorova-tryvayut-15-den-u-kilkoh-mistah-ukrayiny,"30.07, 23:07",«у Telegram-каналі Цензор.НЕТ Протести у різних містах У Львові акція розпочалася близько 19:30.»,<100,took place,not stated,не вказано,6 Aug
Lviv,NV,П’ятнадцятий день поспіль в Україні тривають протести за повернення Федорова — фото,https://nv.ua/ukr/ukraine/events/protesti-proti-zvilnennya-fedorova-akciji-trivayut-u-mistah-ukrajini-50628632.html,"30.07, 21:17","«У Львові на проспекті Свободи зібралося близько 200 людей з плакатами «Не все одно, хто буде МО»",100–999,took place,not stated,не вказано,6 Aug
Lviv,OBOZ.UA,"""Україна понад усе"": 15-й день поспіль тривають масові мітинги за повернення Федорова. Фото і відео",https://www.obozrevatel.com/ukr/novosti-obschestvo/ukraina-ponad-use-15-j-den-pospil-trivayut-masovi-mitingi-za-povernennya-fedorova-na-posadu-ministra-oboroni-foto-i-video.htm,"30.07, 21:52",«15 день протестів У Львові акція розпочалася близько 19:30.»,<100,took place,not stated,не вказано,6 Aug
Lviv,inlviv.in.ua,Львів’яни вже вп’ятнадцяте виходять на мітинг із вимогою повернути Федорова до Міноборони,https://inlviv.in.ua/lviv/lviv-yany-vzhe-vp-yatnadtsyate-vyhodyat-na-mityng-iz-vymogoyu-povernuty-fedorova-do-minoborony,"30.07, 21:40",невідомо,unknown,took place,own correspondent,власне видання,6 Aug
Lviv,Твоє місто,У Львові вп'ятнадцяте вийшли на мітинг через відставку Михайла Федорова,https://tvoemisto.tv/uk/news/7672-u-lvovi-vpyatnadtsyate-vyyshly-na-mitynh-cherez-vidstavku-mykhayla-fedorova,"30.07, 22:25",«436 Час читання: 1 хв На проспекті Свободи у Львові зібралося близько 200 людей із плакатами на підтримку Федорова / фото Суспільне.»,100–999,took place,own correspondent,власне видання,6 Aug
Uzhhorod,Censor.NET,Протести не вщухають: українці 15 днів вимагають повернути Федорова на посаду міністра оборони. ФОТОрепортаж,https://censor.net/ua/news/4016183/protesty-za-fedorova-tryvayut-15-den-u-kilkoh-mistah-ukrayiny,"30.07, 23:07",«В Ужгороді участь у мітингу взяли близько 20 осіб.»,<100,took place,not stated,не вказано,6 Aug
Uzhhorod,OBOZ.UA,"""Україна понад усе"": 15-й день поспіль тривають масові мітинги за повернення Федорова. Фото і відео",https://www.obozrevatel.com/ukr/novosti-obschestvo/ukraina-ponad-use-15-j-den-pospil-trivayut-masovi-mitingi-za-povernennya-fedorova-na-posadu-ministra-oboroni-foto-i-video.htm,"30.07, 21:52",«В Ужгороді ж на мітинг прийшло 20 осіб .»,<100,took place,not stated,не вказано,6 Aug
Chernivtsi,NV,"«Поверніть Федорова». У столиці відбулася багатотисячна акція на підтримку ексміністра оборони — фото, відео",https://nv.ua/ukr/ukraine/events/protesti-na-pidtrimku-fedorova-kolona-mitinguvalnikiv-proyshla-centrom-kiyeva-video-50628947.html,"31.07, 22:20",невідомо,unknown,took place,not stated,не вказано,6 Aug
Chernivtsi,Інформаційне агентство АСС,(ФОТО) Ввечері п'ятниці у Чернівцях відбулася «Єдина протестна хода»,https://acc.cv.ua/news/chernivtsi/foto-vvecheri-pyatnici-u-chernivcyah-vidbulasya-edina-protestna-hoda-121759,"31.07, 21:53",невідомо,unknown,took place,not stated,не вказано,6 Aug
Chernivtsi,Молодий буковинець,"У Чернівцях відбулася ""Єдина протестна хода"": вулицями пройшли майже 150 активістів",https://molbuk.ua/chernivtsi_news/361173-u-chernivciakh-vidbulasia-yedyna-protestna-khoda-vulyciamy-proishly-maizhe-150-aktyvistiv.html,"31.07, 21:22","«У Чернівцях відбулася ""Єдина протестна хода"": вулицями пройшли майже 150 активістів»",100–999,took place,own correspondent,власне видання,6 Aug
Chernivtsi,Фокус,"""Нам не смішно"": у Києві, Львові, Дніпрі почались масштабні акції на підтримку Федорова (відео)",https://focus.ua/uk/ukraine/763039-vidstavka-fedorova-u-kiyevi-pochalas-hoda-na-pidtrimku-ministra,"31.07, 21:17",невідомо,unknown,took place,not stated,не вказано,6 Aug
Chernivtsi,Шпальта,У Чернівцях 16-й день тривають протести: місто долучилося до всеукраїнської «Єдиної протестної ходи,https://shpalta.media/2026/07/31/u-chernivcyax-16-j-den-trivayut-protesti-misto-doluchilosya-do-vseukrainskoi-yedinoi-protestnoi-xodi/,"31.07, 21:47",невідомо,unknown,took place,not stated,не вказано,6 Aug
Dnipro,Censor.NET,"Львів, Дніпро та інші міста долучилися до протестного маршу проти відставки Федорова. ФОТОрепортаж",https://censor.net/ua/photonews/4016361/protesty-proty-vidstavky-fedorova-u-mistah-proyishla-hoda-pidtrymky,"31.07, 21:04",невідомо,unknown,took place,not stated,не вказано,6 Aug
Dnipro,Dnipro.media,"«Не байдуже, у якій країні жити»: що говорили дніпряни на 16-й акції за повернення Федорова",https://www.dnipro.media/novyny-dnipro/ne-bajduzhe-u-yakij-krayini-zhyty-shho-govoryly-dnipryany-na-16-j-aktsiyi-za-povernennya-fedorova/,"31.07, 09:47",невідомо,unknown,took place,own correspondent,власне видання,6 Aug
Dnipro,NV,"«Поверніть Федорова». У столиці відбулася багатотисячна акція на підтримку ексміністра оборони — фото, відео",https://nv.ua/ukr/ukraine/events/protesti-na-pidtrimku-fedorova-kolona-mitinguvalnikiv-proyshla-centrom-kiyeva-video-50628947.html,"31.07, 22:20",невідомо,unknown,took place,not stated,не вказано,6 Aug
Dnipro,OBOZ.UA,У Києві тисячі людей вийшли на марш за Федорова: в Україні 16-й день поспіль тривають масові мітинги. Фото і відео,https://www.obozrevatel.com/ukr/novosti-obschestvo/u-kievi-pochavsya-marsh-z-kartonkami-v-ukraini-16-j-den-pospil-trivayut-masovi-mitingi-na-pidtrimku-fedorova-foto-i-video.htm,"31.07, 19:34",«Загалом у Дніпрі на акції близько ста людей .»,100–999,took place,not stated,не вказано,6 Aug
Dnipro,Suspilne (Дніпро),16-й день мітингів на підтримку Федорова: у Дніпрі долучилися до всеукраїнської протестної ходи,https://suspilne.media/dnipro/1368904-16-j-den-mitingiv-na-pidtrimku-fedorova-u-dnipri-dolucilisa-do-vseukrainskoi-protestnoi-hodi/,"31.07, 19:59",Загалом до акції долучилися близько пів тисячі людей.,100–999,took place,own correspondent,кореспондент Суспільного (Дніпро),6 Aug
Dnipro,dnepr.info,У Дніпрі 15-й день поспіль мітингували за повернення Федорова на посаду МО,https://dnepr.info/uk/news/u-dnipri-15-y-den-pospil-mitinguvali-za-povernennya-fedorova-na-posadu-mo,"31.07, 07:57",невідомо,unknown,took place,not stated,не вказано,6 Aug
Dnipro,Букви,"У Києві, Львові та Дніпрі люди вийшли на протести за повернення Федорова у Міноборони",https://bukvy.org/u-kyyevi-lvovi-ta-dnipri-lyudy-vyjshly-na-protesty-za-povernennya-fedorova-u-minoborony/,"31.07, 21:51",«У Дніпрі в акції також взяли участь кілька сотень людей.»,100–999,took place,not stated,не вказано,6 Aug
Dnipro,Радіо Свобода,Зеленський виключив Федорова зі складу РНБО на тлі «найбільшого протесту з 2014 року»,https://www.radiosvoboda.org/a/khresna-khoda/33816786.html,"31.07, 18:50",невідомо,unknown,took place,not stated,не вказано,6 Aug
Dnipro,Радіо Свобода,У Києві та ще кількох містах люди зібралися на ходу з вимогою повернення Федорова у Міноборони,https://www.radiosvoboda.org/a/news-khoda-protesty-fedorov-minoborony/33819330.html,"31.07, 20:31",«Також кілька сотень людей зібрались у Дніпрі.»,100–999,took place,not stated,не вказано,6 Aug
Dnipro,Трибуна,"У Києві, Львові та Дніпрі пройшли ходи за повернення Федорова",https://tribune.com.ua/kyyevi-lvovi-dnipri-projshly-hody/,"31.07, 20:58","«У Києві до акції долучилося кілька тисяч людей, у Львові та Дніпрі — по кілька сотень учасників.»",1000–4999,took place,not stated,не вказано,6 Aug
Dnipro,Фокус,"""Нам не смішно"": у Києві, Львові, Дніпрі почались масштабні акції на підтримку Федорова (відео)",https://focus.ua/uk/ukraine/763039-vidstavka-fedorova-u-kiyevi-pochalas-hoda-na-pidtrimku-ministra,"31.07, 21:17",невідомо,unknown,took place,not stated,не вказано,6 Aug
Ivano-Frankivsk,OBOZ.UA,У Києві тисячі людей вийшли на марш за Федорова: в Україні 16-й день поспіль тривають масові мітинги. Фото і відео,https://www.obozrevatel.com/ukr/novosti-obschestvo/u-kievi-pochavsya-marsh-z-kartonkami-v-ukraini-16-j-den-pospil-trivayut-masovi-mitingi-na-pidtrimku-fedorova-foto-i-video.htm,"31.07, 19:34",невідомо,unknown,took place,not stated,не вказано,6 Aug
Ivano-Frankivsk,Suspilne (Івано-Франківськ),Протести за Федорова. У Франківську шістнадцятий день поспіль люди з картонками вийшли на підтримку ексміністра оборони,https://suspilne.media/ivano-frankivsk/1368588-protesti-za-fedorova-u-frankivsku-sistnadcatij-den-pospil-ludi-z-kartonkami-vijsli-na-pidtrimku-eksministra-oboroni/,"31.07, 20:21",«У Франківську на 17 день акцій до протестної ходи долучилися 200 людей У Франківську люди продовжують мітингувати за поновлення на посаді ексміністра оборони Федорова.»,100–999,took place,own correspondent,кореспондент Суспільного (Івано-Франківськ),6 Aug
Kharkiv,NV,"«Поверніть Федорова». У столиці відбулася багатотисячна акція на підтримку ексміністра оборони — фото, відео",https://nv.ua/ukr/ukraine/events/protesti-na-pidtrimku-fedorova-kolona-mitinguvalnikiv-proyshla-centrom-kiyeva-video-50628947.html,"31.07, 22:20",невідомо,unknown,took place,not stated,не вказано,6 Aug
Kharkiv,Suspilne (Харків),У Харкові відбулася 16-та акція на підтримку Михайла Федорова,https://suspilne.media/kharkiv/1368942-u-harkovi-vidbulasa-16-ta-akcia-na-pidtrimku-mihajla-fedorova/,"31.07, 21:39",невідомо,unknown,took place,own correspondent,кореспондент Суспільного (Харків),6 Aug
Kharkiv,Фокус,"""Нам не смішно"": у Києві, Львові, Дніпрі почались масштабні акції на підтримку Федорова (відео)",https://focus.ua/uk/ukraine/763039-vidstavka-fedorova-u-kiyevi-pochalas-hoda-na-pidtrimku-ministra,"31.07, 21:17",невідомо,unknown,took place,not stated,не вказано,6 Aug
Khmelnytskyi,Громадське,"Детонація боєприпасів у Хмельницькому, замах на командира «Хартії» та хода в Києві — головне за 31 липня",https://hromadske.ua/suspilstvo/268657-detonatsiia-boyeprypasiv-u-khmelnytskomu-zamakh-na-komandyra-khartiyi-ta-khoda-u-kyyevi-holovne-za-31-lypnia,"31.07, 22:00",невідомо,unknown,took place,not stated,не вказано,6 Aug
Kolomyia,Suspilne (Івано-Франківськ),Протести за Федорова. У Франківську шістнадцятий день поспіль люди з картонками вийшли на підтримку ексміністра оборони,https://suspilne.media/ivano-frankivsk/1368588-protesti-za-fedorova-u-frankivsku-sistnadcatij-den-pospil-ludi-z-kartonkami-vijsli-na-pidtrimku-eksministra-oboroni/,"31.07, 20:21","«До 785-річчя Коломиї кондитерка Леся Кушнірук презентувала авторський торт міста 6 серпня, 17:44 В Івано-Франківську вперше провели малоінвазивну операцію немовляті.»",100–999,took place,relay,нацвипуск із посиланням на регіональну редакцію,6 Aug
Kremenchuk,Кременчуцький Телеграф,У Кременчуці 16-й день поспіль виходять на акцію за повернення Федорова,https://www.telegraf.in.ua/kremenchug/u-kremenchuczi-16-j-den-pospil-vyhodyat-na-akcziyu-za-povernennya-fedorova.html,"31.07, 21:55",невідомо,unknown,took place,own correspondent,власне видання,6 Aug
Kropyvnytskyi,Доступ.Медіа,Акція на підтримку Михайла Федорова у Кропивницькому: чому не організували ходу,https://dostyp.com.ua/novini/akciya-na-pidtrimku-mihajla-fedorova-u-kropivnickomu-chomu-ne-organizuvali-hodu/,"31.07, 20:35",невідомо,unknown,took place,own correspondent,власне видання,6 Aug
Kyiv,24 Канал,У Києві люди вийшли на протестну ходу: яка її мета та що розповіли учасники,https://24tv.ua/kiyevi-lyudi-viyshli-protestnu-hodu_n3115660,"31.07, 19:20",«Протестна хода у Києві: деталі Близько 19:00 учасники протестної ходи зібрались біля пам'ятника Тарасу Шевченку в однойменному парку в Києві.»,<100,took place,not stated,не вказано,6 Aug
Kyiv,5.UA,16-й день протестів на підтримку Федорова: у Києві розгорнули 20-метровий прапор України (оновлено),https://www.5.ua/suspilstvo/16-i-den-protestiv-na-pidtrymku-fedorova-u-kyievi-rozhornuly-20-metrovyi-prapor-ukrainy-onovleno-380817.html,"31.07, 22:22",невідомо,unknown,took place,not stated,не вказано,6 Aug
Kyiv,Censor.NET,"""Найбільший протест з 2014 року"": ветеран Козятинський про ходу проти відставки Федорова у Києві. ФОТО",https://censor.net/ua/photonews/4016371/protest-proty-vidstavky-fedorova-u-kyyevi-stav-nayimasshtabnishym-za-12-rokiv,"31.07, 23:39",невідомо,unknown,took place,not stated,не вказано,6 Aug
Kyiv,Censor.NET,"Протестний марш проти відставки Федорова стартував у Києві: ""Ідемо до реформ"". ВІДЕО+ФОТОрепортаж",https://censor.net/ua/news/4016348/protestna-hoda-u-kyyevi-proty-vidstavky-fedorova,"31.07, 19:38",невідомо,unknown,took place,not stated,не вказано,6 Aug
Kyiv,Censor.NET,"Львів, Дніпро та інші міста долучилися до протестного маршу проти відставки Федорова. ФОТОрепортаж",https://censor.net/ua/photonews/4016361/protesty-proty-vidstavky-fedorova-u-mistah-proyishla-hoda-pidtrymky,"31.07, 21:04",невідомо,unknown,took place,not stated,не вказано,6 Aug
Kyiv,DW,У Києві тисячі людей знову вийшли за повернення Федорова,https://www.dw.com/uk/u-kievi-tisaci-ludej-znovu-vijsli-za-povernenna-fedorova/a-78197783,"31.07, 23:14",невідомо,unknown,took place,not stated,не вказано,6 Aug
Kyiv,DW,Федоров не вийде до учасників акцій за його повернення в МО,https://www.dw.com/uk/fedorov-ne-vijde-do-ucasnikiv-akcij-za-jogo-povernenna-v-minoboroni/a-78197723,"31.07, 21:57",невідомо,unknown,took place,not stated,не вказано,6 Aug
Kyiv,LIGA.net,У Києві відбулася протестна хода за повернення Федорова,https://news.liga.net/ua/society/news/u-kyievi-ta-lvovi-pochalasia-protestna-khoda-za-povernennia-fedorova,"31.07, 20:04",невідомо,unknown,took place,not stated,не вказано,6 Aug
Kyiv,LIGA.net,"Зеленський оновив склад РНБО: додали Драпатого, вивели Федорова",https://news.liga.net/ua/politics/news/zelenskyy-onovyv-sklad-rnbo-vyviv-fedorova,"31.07, 19:30",невідомо,unknown,took place,not stated,не вказано,6 Aug
Kyiv,NV,"«Поверніть Федорова». У столиці відбулася багатотисячна акція на підтримку ексміністра оборони — фото, відео",https://nv.ua/ukr/ukraine/events/protesti-na-pidtrimku-fedorova-kolona-mitinguvalnikiv-proyshla-centrom-kiyeva-video-50628947.html,"31.07, 22:20",невідомо,unknown,took place,not stated,не вказано,6 Aug
Kyiv,NV,"«Не хочу штучно втягуватися у політику». Федоров заявив, що під час війни не перейде в опозицію до Зеленського",https://nv.ua/ukr/ukraine/politics/protesti-proti-vidstavki-fedorova-eksministr-zayaviv-shcho-ne-pereyde-v-opoziciyu-do-zelenskogo-50628912.html,"31.07, 18:09",невідомо,unknown,took place,not stated,не вказано,6 Aug
Kyiv,News Telegraf,"""Федоров, ми сумуєМО"": тисячі людей вийшли на марш у центрі Києва (репортаж Яна Доброносова)",https://news.telegraf.com.ua/ukr/ukraina/5946717-fedorov-mi-sumuemo-tisyachi-lyudey-viyshli-na-marsh-u-tsentri-kieva-reportazh-yana-dobronosova,"31.07, 22:55",невідомо,unknown,took place,not stated,не вказано,6 Aug
Kyiv,OBOZ.UA,У Києві тисячі людей вийшли на марш за Федорова: в Україні 16-й день поспіль тривають масові мітинги. Фото і відео,https://www.obozrevatel.com/ukr/novosti-obschestvo/u-kievi-pochavsya-marsh-z-kartonkami-v-ukraini-16-j-den-pospil-trivayut-masovi-mitingi-na-pidtrimku-fedorova-foto-i-video.htm,"31.07, 19:34",невідомо,unknown,took place,not stated,не вказано,6 Aug
Kyiv,Publika.ua,"У Києві масштабна хода через відставку Федорова з Міноборони (фото, відео)",https://www.publika.ua/rssnews/uanews/1367293/?page\\u003d5,"31.07, 20:49",невідомо,unknown,took place,not stated,не вказано,6 Aug
Kyiv,RegioNews.ua,"У Києві учасники мітингу пройшли ходою, вимагаючи повернення Федорова на пост міністра",https://regionews.ua/ukr/news/kiev/1785520708-u-kievi-uchasniki-mitingu-proyshli-hodoyu-vimagayuchi-povernennya-fedorova-na-post-ministra,"31.07, 20:45",невідомо,unknown,took place,not stated,не вказано,6 Aug
Kyiv,Rubryka,Протести тривають уже 16 днів поспіль: у Києві відбулася хода за повернення Федорова,https://rubryka.com/2026/07/31/hoda-za-povernennya-fedorova/,"31.07, 22:28",невідомо,unknown,took place,not stated,не вказано,6 Aug
Kyiv,Rubryka,Федоров більше не входить до складу РНБО: Зеленський оновив склад Ради нацбезпеки,https://rubryka.com/2026/07/31/zelenskyj-onovyv-sklad-raly-natsbezpeky/,"31.07, 20:16",невідомо,unknown,took place,not stated,не вказано,6 Aug
Kyiv,Shelter.in.ua,Наймасштабніша хода за час протестів: у Києві близько 15 тисяч людей вийшли на підтримку реформ та Федорова,https://shelter.in.ua/zyttia/naymasshtabnisha-khoda-za-chas-protestiv-u-kyyevi-blyzko-15-tysiach-liudey-vyyshly-na-pidtrymku-reform-ta-fedorova,"31.07, 22:25","«За підрахунками організаторів, у Києві до ходи одномоментно долучилися до 15 000 осіб.»",5000+,took place,not stated,не вказано,6 Aug
Kyiv,Slawa TV,У Києві масштабна протестна хода. Вимагають повернення Федорова,https://slawa.tv/94631243/u-kivi-masshtabna-protestna-hoda-vimagayut-povernennya-fedorova,"31.07, 21:49",невідомо,unknown,took place,not stated,не вказано,6 Aug
Kyiv,Suspilne (Вінниця),«Сильний міністр — сильна армія»: у Вінниці відбулася акція на підтримку звільненого міністра оборони Федорова,https://suspilne.media/vinnytsia/1368690-silnij-ministr-silna-armia-u-vinnici-vidbulasa-akcia-na-pidtrimku-zvilnenogo-ministra-oboroni-fedorova/,"31.07, 21:44",невідомо,unknown,took place,relay,нацвипуск із посиланням на регіональну редакцію,6 Aug
Kyiv,Suspilne (Львів),Шістнадцята акція у Львові: мітингувальники пройшли ходою з вимогою повернути Федорова на посаду,https://suspilne.media/lviv/1368824-lvivani-prodovzuut-mitinguvati-za-ponovlenna-na-posadi-eksministra-oboroni-fedorova/,"31.07, 19:49",невідомо,unknown,took place,relay,нацвипуск із посиланням на регіональну редакцію,6 Aug
Kyiv,Suspilne (Полтава),У Полтаві учасники акції на підтримку Федорова влаштували протестну ходу,https://suspilne.media/poltava/1368888-u-poltavi-ucasniki-akcii-na-pidtrimku-fedorova-vlastuvali-protestnu-hodu/,"31.07, 20:23",невідомо,unknown,took place,relay,нацвипуск із посиланням на регіональну редакцію,6 Aug
Kyiv,Suspilne (Ужгород),16-й день мітингів на підтримку Михайла Федорова: в Ужгороді долучилися до всеукраїнської протестної ходи,https://suspilne.media/uzhhorod/1368842-16-j-den-mitingiv-na-pidtrimku-mihajla-fedorova-v-uzgorodi-dolucilisa-do-vseukrainskoi-protestnoi-hodi/,"31.07, 20:32",невідомо,unknown,took place,relay,нацвипуск із посиланням на регіональну редакцію,6 Aug
Kyiv,UA.NEWS,У Києві пройшла хода за діалог і реформи у військовій сфері,https://ua.news/ua/capital/u-kiievi-proishla-khoda-za-dialog-i-reformi-u-viiskovii-sferi,"31.07, 20:16",невідомо,unknown,took place,not stated,не вказано,6 Aug
Kyiv,ZAXID.NET,Мітинг на підтримку Федорова 31 липня: у Києві зібрались тисячі людей - ZAXID.NET,https://zaxid.net/u_kiyevi_tisyachi_lyudey_viyshli_na_miting_na_pidtrimku_mihayla_fedorova_n1642739,"31.07, 21:50","«назвала справжні причини звільнення Федорова з Міноборони ZAXID.NET фото threads/tetiana.piatkovska У Києві тисячі учасників вимагають поновити Михайла Федорова на посаді міністра оборони, а також закликають до реформ У Києві тисячі людей вийшли на мітинг на підтримку ексміністра оборони Михайла Федорова.»",1000–4999,took place,not stated,не вказано,6 Aug
Kyiv,informator.ua,У Києві та інших містах пройшли масові акції на підтримку Михайла Федорова,https://informator.ua/uk/u-kiyevi-ta-inshih-mistah-proyshli-masovi-akciji-na-pidtrimku-mihayla-fedorova,"31.07, 23:07",«Ганна Зайцева Журналіст Галина Чорнобривець Журналіст 👍 У Києві поновилася акція на підтримку Федорова У центрі Києва та інших міст України 31 липня знову зібралися тисячі людей на акцію на підтримку Михайла Федорова .»,1000–4999,took place,own correspondent,не вказано,6 Aug
Kyiv,kyiv.news,У парку Шевченка стартувала хода за діалог і реформи,https://kyiv.news/bezpeka-kriminal/hoda-park-shevchenka-dialog-reformy/,"31.07, 20:28",невідомо,unknown,took place,own correspondent,власне видання,6 Aug
Kyiv,Апостроф,У Києві 31 липня люди вийшли на мітинг проти відставки Федорова,https://apostrophe.ua/kyiv/u-kijevi-31-lipnja-znovu-vidbuvajetsja-khoda-proti-vidstavki-fedorova.html,"31.07, 21:29",невідомо,unknown,took place,not stated,не вказано,6 Aug
Kyiv,Гард.City,Миколаївці з картонками: за що люди вже понад пів місяця виходять на акції протесту,https://thegard.city/blogs/474572/akciya-protestu-mikolaiv-lipen-2027,"31.07, 10:00","«За що миколаївці виходять на мітинги та чого вимагають від влади 31 липня 2026 року в Києві відбулася масштабна протестна хода за діалог влади з народом та реформи в оборонному секторі, в якій взяли участь тисячі людей.»",1000–4999,took place,not stated,не вказано,6 Aug
Kyiv,Главком,"У Києві поновився «картонковий» майдан: фото, відео",https://glavcom.ua/country/incidents/u-tsentri-kijeva-znovu-rozpochalasja-aktsija-na-pidtrimku-fedorova-video-1134322.html,"31.07, 21:05",невідомо,unknown,took place,not stated,не вказано,6 Aug
Kyiv,Громадське,"Детонація боєприпасів у Хмельницькому, замах на командира «Хартії» та хода в Києві — головне за 31 липня",https://hromadske.ua/suspilstvo/268657-detonatsiia-boyeprypasiv-u-khmelnytskomu-zamakh-na-komandyra-khartiyi-ta-khoda-u-kyyevi-holovne-za-31-lypnia,"31.07, 22:00",«У Києві тисячі людей вийшли на ходу за повернення Федорова.»,1000–4999,took place,not stated,не вказано,6 Aug
Kyiv,Громадське,У Києві тисячі людей вийшли на ходу за повернення Федорова. Протести тривають уже 16 днів поспіль,https://hromadske.ua/suspilstvo/268652-u-kyyevi-tysiachi-liudey-vyyshly-khodu-za-povernennia-fedorova-protesty-tryvaiut-vze-16-dniv-pidriad,"31.07, 20:07",«У Києві тисячі людей вийшли на ходу за повернення Федорова.»,1000–4999,took place,not stated,не вказано,6 Aug
Kyiv,Житомир.info,Протест із прізвищем і без: як житомирські медіа висвітлювали звільнення міністра оборони Михайла Федорова,https://www.zhitomir.info/post_3379.html,"31.07, 22:13",невідомо,unknown,took place,not stated,не вказано,6 Aug
Kyiv,КИЇВ24,"У Києві тисячі людей, які вимагають повернення Федорова до Міноборони, пройшли ходою до театру Франка. Акція триває - КИЇВ24",https://kyiv24.news/news/u-kyyevi-tysyachi-lyudej-yaki-vymagayut-povernennya-fedorova-do-minoborony-projshly-hodoyu-do-teatru-franka-akcziya-tryvaye,"31.07, 21:33","«У Києві тисячі людей, які вимагають повернення Федорова до Міноборони, пройшли ходою до театру Франка.»",1000–4999,took place,own correspondent,власне видання,6 Aug
Kyiv,Львівський портал,У Києві зібралась масова хода на підтримку Федорова,https://portal.lviv.ua/news/2026/07/31/u-kyievi-zibralas-masova-khoda-na-pidtrymku-fedorova,"31.07, 21:30",невідомо,unknown,took place,not stated,не вказано,6 Aug
Kyiv,Межа. Новини України.,У Києві пройшов марш за діалог і реформи проти відставки міністра Федорова,https://mezha.net/ua/bukvy/352fe12c_protesters_march_in/,"31.07, 21:10",невідомо,unknown,took place,not stated,не вказано,6 Aug
Kyiv,Новинарня,"У Києві – масова хода за повернення Федорова, протести тривають вже 16 днів поспіль",https://novynarnia.com/2026/07/31/u-kyievi-masova-khoda-za-povernennia-fedorova-protesty-tryvaiut-vzhe/,"31.07, 20:29",невідомо,unknown,took place,not stated,не вказано,6 Aug
Kyiv,Погляд,Протести в Україні за повернення Федорова до Міноборони,https://pogliad.com/politics/protesty-ukrayini-vymogy-povernennya-fedorova/,"31.07, 21:43","«За інформацією кореспондентки Радіо Свобода, у Києві до акції долучилося кілька тисяч громадян.»",1000–4999,took place,own correspondent,кореспондентки Радіо Свобода,6 Aug
Kyiv,РБК-Україна,"У Києві масштабна хода через відставку Федорова з Міноборони (фото, відео) - РБК-Україна",https://www.rbc.ua/rus/news/kievi-masshtabna-hoda-cherez-vidstavku-fedorova-1785520191.html,"31.07, 20:49",невідомо,unknown,took place,not stated,не вказано,6 Aug
Kyiv,Радіо Свобода,Зеленський виключив Федорова зі складу РНБО на тлі «найбільшого протесту з 2014 року»,https://www.radiosvoboda.org/a/khresna-khoda/33816786.html,"31.07, 18:50",«Поділитись скопіювати Facebook X (Twitter) Telegram WhatsApp WhatsApp Email Поділитись 21:23 31.7.2026 У Києві тисячі людей вийшли на протестну ходу через відставку Федорова: Стерненко закликав Зеленського «говорити з людьми»,1000–4999,took place,not stated,не вказано,6 Aug
Kyiv,Радіо Свобода,"«Ви нас не почули», «Ми хочемо діалогу з владою»: хода за повернення Федорова до Міноборони",https://www.radiosvoboda.org/a/protestna-khoda-za-povernennya-mykhaila-fedorova-v-kyyevi-foto/33819335.html,"31.07, 21:29","«8 До ходи за повернення Михайла Федорова на посаду міністра оборони у Києві долучилося кілька тисяч людей, кажуть кореспонденти Радіо Свобода.»",1000–4999,took place,own correspondent,кореспонденти Радіо Свобода,6 Aug
Kyiv,Радіо Свобода,У Києві та ще кількох містах люди зібралися на ходу з вимогою повернення Федорова у Міноборони,https://www.radiosvoboda.org/a/news-khoda-protesty-fedorov-minoborony/33819330.html,"31.07, 20:31","«Як повідомляє кореспондентка Радіо Свобода, у Києві до ходи долучилося кілька тисяч людей.»",1000–4999,took place,own correspondent,кореспондентка Радіо Свобода,6 Aug
Kyiv,Радіо Свобода,«Я наступив на інтереси багатьох людей і компаній». Як в Україні реагують на інтерв’ю Михайла Федорова,https://www.radiosvoboda.org/a/reaktsiyi-v-ukraini-na-intervyu-mykhaila-fedorova/33819091.html,"31.07, 14:50",невідомо,unknown,took place,not stated,не вказано,6 Aug
Kyiv,Суспільне (нац.),У Києві учасники акції на підтримку Федорова влаштували протестну ходьбу,https://suspilne.media/1368896-u-kievi-rozpocalas-protestna-hodba-iz-zaklikom-povernuti-fedorova/,"31.07, 19:42",невідомо,unknown,took place,relay,нацвипуск із посиланням на регіональну редакцію,6 Aug
Kyiv,Суспільне (нац.),"Федоров заявив, що не вийде на вулицю до людей, які вимагають його повернення на посаду голови Міноборони",https://suspilne.media/1368816-fedorov-zaaviv-so-ne-vijde-na-vulicu-do-ludej-aki-vimagaut-jogo-povernenna-na-posadu-golovi-minoboroni/,"31.07, 18:47",невідомо,unknown,took place,relay,нацвипуск із посиланням на регіональну редакцію,6 Aug
Kyiv,Твоє місто,В центрі Києва розпочалася хода з вимогою повернути Федорова до Міноборони,https://tvoemisto.tv/uk/news/7726-v-tsentri-kyyeva-rozpochalasya-khoda-z-vymohoyu-povernuty-fedorova-do-minoborony,"31.07, 19:56","«31 липня, 19:54 Поширити ArrowUpRightIcon У Києві в парку Шевченка близько тисячі людей зібралися на ходу з вимогою повернути Михайла Федорова до Міністерства оборони.»",1000–4999,took place,not stated,не вказано,6 Aug
Kyiv,Трибуна,"У Києві, Львові та Дніпрі пройшли ходи за повернення Федорова",https://tribune.com.ua/kyyevi-lvovi-dnipri-projshly-hody/,"31.07, 20:58","«У Києві до акції долучилося кілька тисяч людей, у Львові та Дніпрі — по кілька сотень учасників.»",1000–4999,took place,not stated,не вказано,6 Aug
Kyiv,УНІАН,"Київ, просто зараз! Багатотисячний мітинг за Федорова! Картонний майдан не спинити",https://www.unian.ua/multimedia/video/news/10582059-kijiv-prosto-zaraz-bagatotisyachniy-miting-za-fedorova-kartonniy-maydan-ne-spiniti.html,"31.07, 17:57",невідомо,unknown,took place,not stated,не вказано,6 Aug
Kyiv,Українська правда,Два тижні без Федорова: чому протести тривають і чи готове суспільство до компромісу,https://www.pravda.com.ua/articles/2026/07/31/8046745/,"31.07, 19:10",невідомо,unknown,took place,not stated,не вказано,6 Aug
Kyiv,Українська правда,У Києві пройшла масова хода за реформи в оборонному секторі,https://www.pravda.com.ua/news/2026/07/31/8046751/,"31.07, 19:31",невідомо,unknown,took place,not stated,не вказано,6 Aug
Kyiv,Укрінформ,У Києві відбулася масштабна хода за діалог та реформи в оборонному секторі - Укрінформ,https://www.ukrinform.ua/rubric-regions/4149949-u-kievi-vidbuvaetsa-protestna-hoda-za-reformi-v-oboronnij-sferi.html,"31.07, 23:20",Поліція каже про 6 тисяч учасників.,5000+,took place,police,оцінка поліції в репортажі Укрінформу,6 Aug
Kyiv,Факти ICTV,Протестна хода у Києві зібрала тисячі людей: головні вимоги,https://fakty.com.ua/ua/ukraine/20260731-protestna-hoda-u-kyyevi-zibrala-tysyachi-lyudej-golovni-vymogy/,"31.07, 22:17",«Протестна хода у Києві зібрала тисячі людей: головні вимоги Головне До 6 тис.»,5000+,took place,not stated,не вказано,6 Aug
Kyiv,Факти ICTV,"Федорова виключили, Драпатого включили: Зеленський оновив склад РНБО",https://fakty.com.ua/ua/ukraine/20260731-fedorova-vyklyuchyly-drapatogo-vklyuchyly-zelenskyj-onovyv-sklad-rnbo/,"31.07, 22:31","«Протестна хода у Києві зібрала тисячі людей: головні вимоги Пов'язані теми: Володимир Зеленський РНБО Якщо побачили помилку, будь ласка, виділіть фрагмент тексту і натисніть Ctrl+Enter.»",1000–4999,took place,not stated,не вказано,6 Aug
Kyiv,Фокус,"""Нам не смішно"": у Києві, Львові, Дніпрі почались масштабні акції на підтримку Федорова (відео)",https://focus.ua/uk/ukraine/763039-vidstavka-fedorova-u-kiyevi-pochalas-hoda-na-pidtrimku-ministra,"31.07, 21:17","«У Києві орієнтовна кількість учасників протестної ходи за Федорова та реформи — близько тисячі, ідеться у репортажі медіа ""Київ24"".»",1000–4999,took place,not stated,не вказано,6 Aug
Lviv,Censor.NET,"""Найбільший протест з 2014 року"": ветеран Козятинський про ходу проти відставки Федорова у Києві. ФОТО",https://censor.net/ua/photonews/4016371/protest-proty-vidstavky-fedorova-u-kyyevi-stav-nayimasshtabnishym-za-12-rokiv,"31.07, 23:39",невідомо,unknown,took place,not stated,не вказано,6 Aug
Lviv,Censor.NET,"Львів, Дніпро та інші міста долучилися до протестного маршу проти відставки Федорова. ФОТОрепортаж",https://censor.net/ua/photonews/4016361/protesty-proty-vidstavky-fedorova-u-mistah-proyishla-hoda-pidtrymky,"31.07, 21:04",невідомо,unknown,took place,not stated,не вказано,6 Aug
Lviv,NV,"«Поверніть Федорова». У столиці відбулася багатотисячна акція на підтримку ексміністра оборони — фото, відео",https://nv.ua/ukr/ukraine/events/protesti-na-pidtrimku-fedorova-kolona-mitinguvalnikiv-proyshla-centrom-kiyeva-video-50628947.html,"31.07, 22:20",невідомо,unknown,took place,not stated,не вказано,6 Aug
Lviv,Suspilne (Львів),Шістнадцята акція у Львові: мітингувальники пройшли ходою з вимогою повернути Федорова на посаду,https://suspilne.media/lviv/1368824-lvivani-prodovzuut-mitinguvati-za-ponovlenna-na-posadi-eksministra-oboroni-fedorova/,"31.07, 19:49",невідомо,unknown,took place,own correspondent,кореспондент Суспільного (Львів),6 Aug
Lviv,ZAXID.NET,Хода на підтримку Михайла Федорова - Учасники акції пройшлися центральним вулицями Львова - ZAXID.NET,https://zaxid.net/u_lvovi_vidbulasya_hoda_uchasnikiv_aktsiyi_na_pidtrimku_mihayla_fedorova_video_dnya_n1642740,"31.07, 21:22",невідомо,unknown,took place,own correspondent,власне видання,6 Aug
Lviv,Букви,"У Києві, Львові та Дніпрі люди вийшли на протести за повернення Федорова у Міноборони",https://bukvy.org/u-kyyevi-lvovi-ta-dnipri-lyudy-vyjshly-na-protesty-za-povernennya-fedorova-u-minoborony/,"31.07, 21:51","«У Львові кілька сотень людей зібралися біля пам’ятника Тарасу Шевченку, після чого пройшли ходою до площі Ринок, звернувшись до президента із закликом дослухатися до вимог протестувальників.»",100–999,took place,not stated,не вказано,6 Aug
Lviv,Главком,"У Києві поновився «картонковий» майдан: фото, відео",https://glavcom.ua/country/incidents/u-tsentri-kijeva-znovu-rozpochalasja-aktsija-na-pidtrimku-fedorova-video-1134322.html,"31.07, 21:05",невідомо,unknown,took place,not stated,не вказано,6 Aug
Lviv,Львівський портал,У Києві зібралась масова хода на підтримку Федорова,https://portal.lviv.ua/news/2026/07/31/u-kyievi-zibralas-masova-khoda-na-pidtrymku-fedorova,"31.07, 21:30",невідомо,unknown,took place,own correspondent,власне видання,6 Aug
Lviv,Погляд,Протести в Україні за повернення Федорова до Міноборони,https://pogliad.com/politics/protesty-ukrayini-vymogy-povernennya-fedorova/,"31.07, 21:43",невідомо,unknown,took place,not stated,не вказано,6 Aug
Lviv,Радіо Свобода,Зеленський виключив Федорова зі складу РНБО на тлі «найбільшого протесту з 2014 року»,https://www.radiosvoboda.org/a/khresna-khoda/33816786.html,"31.07, 18:50",невідомо,unknown,took place,not stated,не вказано,6 Aug
Lviv,Радіо Свобода,У Києві та ще кількох містах люди зібралися на ходу з вимогою повернення Федорова у Міноборони,https://www.radiosvoboda.org/a/news-khoda-protesty-fedorov-minoborony/33819330.html,"31.07, 20:31",невідомо,unknown,took place,not stated,не вказано,6 Aug
Lviv,Трибуна,"У Києві, Львові та Дніпрі пройшли ходи за повернення Федорова",https://tribune.com.ua/kyyevi-lvovi-dnipri-projshly-hody/,"31.07, 20:58","«У Києві до акції долучилося кілька тисяч людей, у Львові та Дніпрі — по кілька сотень учасників.»",1000–4999,took place,not stated,не вказано,6 Aug
Lviv,Фокус,"""Нам не смішно"": у Києві, Львові, Дніпрі почались масштабні акції на підтримку Федорова (відео)",https://focus.ua/uk/ukraine/763039-vidstavka-fedorova-u-kiyevi-pochalas-hoda-na-pidtrimku-ministra,"31.07, 21:17",невідомо,unknown,took place,not stated,не вказано,6 Aug
Mykolaiv,Suspilne (Миколаїв),Миколаївці вчергове зібрались біля міськради на підтримку Михайла Федорова,https://suspilne.media/mykolaiv/1368858-mikolaivci-vcergove-zibralis-bila-miskradi-na-pidtrimku-mihajla-fedorova/,"31.07, 19:10",невідомо,unknown,took place,own correspondent,кореспондент Суспільного (Миколаїв),6 Aug
Mykolaiv,Гард.City,Миколаївці з картонками: за що люди вже понад пів місяця виходять на акції протесту,https://thegard.city/blogs/474572/akciya-protestu-mikolaiv-lipen-2027,"31.07, 10:00","«Юлія Савва Юлія Савва Юлія Савва Юлія Савва Акція протесту в Миколаєві З 16 липня люди збираються тут щодня о 18-й та стоять щонайменше до 20-ї години, сподіваючись, що влада їх почує.»",<100,took place,own correspondent,власне видання,6 Aug
Odesa,Suspilne (Одеса),"«Реформи, а не схеми»: в Одесі близько 200 людей вийшли на ходу на підтримку Михайла Федорова",https://suspilne.media/odesa/1368926-reformi-a-ne-shemi-v-odesi-blizko-200-ludej-vijsli-na-hodu-na-pidtrimku-mihajla-fedorova/,"31.07, 21:09",До неї долучилися близько 200 людей.,100–999,took place,own correspondent,кореспондент Суспільного (Одеса),6 Aug
Odesa,Фокус,"""Нам не смішно"": у Києві, Львові, Дніпрі почались масштабні акції на підтримку Федорова (відео)",https://focus.ua/uk/ukraine/763039-vidstavka-fedorova-u-kiyevi-pochalas-hoda-na-pidtrimku-ministra,"31.07, 21:17",невідомо,unknown,took place,not stated,не вказано,6 Aug
Poltava,OBOZ.UA,У Києві тисячі людей вийшли на марш за Федорова: в Україні 16-й день поспіль тривають масові мітинги. Фото і відео,https://www.obozrevatel.com/ukr/novosti-obschestvo/u-kievi-pochavsya-marsh-z-kartonkami-v-ukraini-16-j-den-pospil-trivayut-masovi-mitingi-na-pidtrimku-fedorova-foto-i-video.htm,"31.07, 19:34",невідомо,unknown,took place,not stated,не вказано,6 Aug
Poltava,Suspilne (Полтава),У Полтаві учасники акції на підтримку Федорова влаштували протестну ходу,https://suspilne.media/poltava/1368888-u-poltavi-ucasniki-akcii-na-pidtrimku-fedorova-vlastuvali-protestnu-hodu/,"31.07, 20:23",«На акцію у Полтаві зібралось понад сотню людей.»,100–999,took place,own correspondent,кореспондент Суспільного (Полтава),6 Aug
Poltava,Коло.News,У Полтаві відбулась протестна хода на підтримку Михайла Федорова,https://kolo.news/category/suspilstvo/48387,"31.07, 21:15",невідомо,unknown,took place,not stated,не вказано,6 Aug
Rivne,NV,"«Поверніть Федорова». У столиці відбулася багатотисячна акція на підтримку ексміністра оборони — фото, відео",https://nv.ua/ukr/ukraine/events/protesti-na-pidtrimku-fedorova-kolona-mitinguvalnikiv-proyshla-centrom-kiyeva-video-50628947.html,"31.07, 22:20",невідомо,unknown,took place,not stated,не вказано,6 Aug
Rivne,Suspilne (Рівне),Протестна хода на підтримку ексміністра оборони Михайла Федорова відбулася у Рівному,https://suspilne.media/rivne/1368914-protestna-hoda-na-pidtrimku-eksministra-oboroni-mihajla-fedorova-vidbulasa-u-rivnomu/,"31.07, 22:06",Приблизно сто людей вийшли на протестну ходу на підтримку ексміністра оборони Михайла Федорова 31 липня у Рівному.,100–999,took place,own correspondent,кореспондент Суспільного (Рівне),6 Aug
Rivne,Фокус,"""Нам не смішно"": у Києві, Львові, Дніпрі почались масштабні акції на підтримку Федорова (відео)",https://focus.ua/uk/ukraine/763039-vidstavka-fedorova-u-kiyevi-pochalas-hoda-na-pidtrimku-ministra,"31.07, 21:17",невідомо,unknown,took place,not stated,не вказано,6 Aug
Ternopil,20 хвилин (Тернопіль),Протестну ходу в підтримку ексміністра оборони Федорова провели у Тернополі - 20 хвилин,https://te.20minut.ua/Podii/protestnu-hodu-v-pidtrimku-eksministra-oboroni-fedorova-proveli-u-tern-12003332.html,"31.07, 21:05","Понад сто людей пройшли від приміщення адміністрації на Грушевського, далі набережною Тернопільського ставу до тернопільського замку, катедрального собору, і завершилась хода на Театральному майдані.",100–999,took place,own correspondent,власне видання,6 Aug
Ternopil,24 Канал,У Києві люди вийшли на протестну ходу: яка її мета та що розповіли учасники,https://24tv.ua/kiyevi-lyudi-viyshli-protestnu-hodu_n3115660,"31.07, 19:20",невідомо,unknown,took place,not stated,не вказано,6 Aug
Uzhhorod,Suspilne (Ужгород),16-й день мітингів на підтримку Михайла Федорова: в Ужгороді долучилися до всеукраїнської протестної ходи,https://suspilne.media/uzhhorod/1368842-16-j-den-mitingiv-na-pidtrimku-mihajla-fedorova-v-uzgorodi-dolucilisa-do-vseukrainskoi-protestnoi-hodi/,"31.07, 20:32",невідомо,unknown,took place,own correspondent,кореспондент Суспільного (Ужгород),6 Aug
Vinnytsia,NV,"«Поверніть Федорова». У столиці відбулася багатотисячна акція на підтримку ексміністра оборони — фото, відео",https://nv.ua/ukr/ukraine/events/protesti-na-pidtrimku-fedorova-kolona-mitinguvalnikiv-proyshla-centrom-kiyeva-video-50628947.html,"31.07, 22:20",невідомо,unknown,took place,not stated,не вказано,6 Aug
Vinnytsia,Suspilne (Вінниця),«Сильний міністр — сильна армія»: у Вінниці відбулася акція на підтримку звільненого міністра оборони Федорова,https://suspilne.media/vinnytsia/1368690-silnij-ministr-silna-armia-u-vinnici-vidbulasa-akcia-na-pidtrimku-zvilnenogo-ministra-oboroni-fedorova/,"31.07, 21:44",невідомо,unknown,took place,own correspondent,кореспондент Суспільного (Вінниця),6 Aug
Vinnytsia,vinnitsa.info,«Єдиною владою є народ»: у Вінниці відбулася протестна хода на підтримку Федорова,https://vinnitsa.info/article/yedynoyu-vladoyu-ye-narod-u-vinnytsi-vidbulasya-protestna-khoda-na-pidtrymku-fedorova,"31.07, 21:28",невідомо,unknown,took place,not stated,не вказано,6 Aug
Vinnytsia,Фокус,"""Нам не смішно"": у Києві, Львові, Дніпрі почались масштабні акції на підтримку Федорова (відео)",https://focus.ua/uk/ukraine/763039-vidstavka-fedorova-u-kiyevi-pochalas-hoda-na-pidtrimku-ministra,"31.07, 21:17",невідомо,unknown,took place,not stated,не вказано,6 Aug
Zaporizhzhia,NV,"«Поверніть Федорова». У столиці відбулася багатотисячна акція на підтримку ексміністра оборони — фото, відео",https://nv.ua/ukr/ukraine/events/protesti-na-pidtrimku-fedorova-kolona-mitinguvalnikiv-proyshla-centrom-kiyeva-video-50628947.html,"31.07, 22:20",невідомо,unknown,took place,not stated,не вказано,6 Aug
Zhytomyr,Житомир.info,Протест із прізвищем і без: як житомирські медіа висвітлювали звільнення міністра оборони Михайла Федорова,https://www.zhitomir.info/post_3379.html,"31.07, 22:13",невідомо,unknown,took place,own correspondent,власне видання,6 Aug
Chernivtsi,Suspilne (Тернопіль),"«Об’єднані тишею, що голосніша за слова»: в Тернополі відбулася акція-нагадування",https://suspilne.media/ternopil/1369390-obednani-tiseu-so-golosnisa-za-slova-v-ternopoli-vidbulasa-akcia-nagaduvanna/,"01.08, 18:27",невідомо,unknown,took place,relay,нацвипуск із посиланням на регіональну редакцію,6 Aug
Ivano-Frankivsk,Suspilne (Івано-Франківськ),«Час виправляти помилки! Поверніть Федорова». У Франківську на 17 день акцій до протестної ходи долучилися 200 людей,https://suspilne.media/ivano-frankivsk/1369396-cas-vipravlati-pomilki-povernit-fedorova-u-frankivsku-na-17-den-akcij-do-protestnoi-hodi-dolucilisa-200-ludej/,"01.08, 21:11","«У Франківську на 17 день акцій до протестної ходи долучилися 200 людей Ганна Водницька Ганна Водницька --> Степан Пенкалюк Степан Пенкалюк --> 1 серпня, 21:11 Змінити розмір шрифту Розмір шрифту Малий Середній Великий Протестна хода на підтримку ексміністра оборони Федорова, Івано-Франківськ, 1 серпня 2026 року.»",100–999,took place,own correspondent,кореспондент Суспільного (Івано-Франківськ),6 Aug
Kolomyia,Suspilne (Івано-Франківськ),«Час виправляти помилки! Поверніть Федорова». У Франківську на 17 день акцій до протестної ходи долучилися 200 людей,https://suspilne.media/ivano-frankivsk/1369396-cas-vipravlati-pomilki-povernit-fedorova-u-frankivsku-na-17-den-akcij-do-protestnoi-hodi-dolucilisa-200-ludej/,"01.08, 21:11","«До 785-річчя Коломиї кондитерка Леся Кушнірук презентувала авторський торт міста 6 серпня, 17:44 В Івано-Франківську вперше провели малоінвазивну операцію немовляті.»",100–999,took place,relay,нацвипуск із посиланням на регіональну редакцію,6 Aug
Kropyvnytskyi,Доступ.Медіа,Черговий мітинг за повернення Михайла Федорова в Міноборони відбувся у Кропивницькому,https://dostyp.com.ua/novini/chergovij-miting-za-povernennya-mihajla-fedorova-v-minoboroni-vidbuvsya-u-kropivnickomu/,"01.08, 21:15",невідомо,unknown,took place,own correspondent,власне видання,6 Aug
Kyiv,Gazeta.ua,Ветеран закликав Зеленського піти назустріч народу на тлі масових протестів,https://gazeta.ua/articles/politics/_veteran-zaklikav-zelenskogo-piti-nazustrich-narodu-na-tli-masovih-protestiv/1255786,"01.08, 17:57",невідомо,unknown,took place,not stated,не вказано,6 Aug
Kyiv,LIGA.net,"Соціолог пояснив, чому ""картонкові протести"" не переростають у політичний рух",https://news.liga.net/ua/politics/news/sotsioloh-poiasnyv-chomu-kartonkovi-protesty-ne-pererostaiut-u-politychnyy-rukh,"01.08, 08:18",невідомо,unknown,took place,not stated,не вказано,6 Aug
Kyiv,NV,Чого українці очікують від протестної ходи з вимогою повернути Федорова — опитування Radio NV,https://nv.ua/ukr/opytuvannya/protestna-hoda-za-povernennya-mihayla-fedorova-rezultati-opituvannya-nv-50629030.html,"01.08, 14:03",невідомо,unknown,took place,not stated,не вказано,6 Aug
Kyiv,NV,«Накопичуються фрустрація та злість». Ветеран Козятинський закликав Зеленського піти назустріч народу після масових протестів,https://nv.ua/ukr/ukraine/politics/protesti-za-povernennya-fedorova-veteran-kozyatinskiy-zvernuvsya-do-zelenskogo-50629067.html,"01.08, 16:58",невідомо,unknown,took place,not stated,не вказано,6 Aug
Kyiv,NikVesti,"Ексміністр Федоров не хоче, щоб «картонні майдани» втягнули його у політику",https://nikvesti.com/news/politics/321872-eksministr-fedorov-ne-khoche-schob-kartonni-maidani-vtyahnuly-yoho-u-polityku,"01.08, 17:33","«у Києві тисячі людей вийшли на протестну ходу, вимагаючи повернути Михайла Федорова на посаду міністра оборони України та дати йому рік на проведення реформ.»",1000–4999,took place,not stated,не вказано,6 Aug
Kyiv,OBOZ.UA,"""За що звільнили Федорова?"" У містах України 17-й день поспіль пройшли масові мітинги. Фото і відео",https://www.obozrevatel.com/ukr/novosti-obschestvo/za-scho-zvilnili-fedorova-u-mistah-ukraini-17-j-den-pospil-trivayut-masovi-mitingi-foto-i-video.htm,"01.08, 21:20",невідомо,unknown,took place,not stated,не вказано,6 Aug
Kyiv,Suspilne (Львів),«Не зупиняйтеся на півдорозі»: львів’яни вкотре вийшли на акцію проти звільнення Федорова з посади міністра оборони,https://suspilne.media/lviv/1369444-ne-zupinajtesa-na-pivdorozi-lvivani-vkotre-vijsli-na-akciu-proti-zvilnenna-fedorova-z-posadi-ministra-oboroni/,"01.08, 20:10",невідомо,unknown,took place,relay,нацвипуск із посиланням на регіональну редакцію,6 Aug
Kyiv,Suspilne (Ужгород),17-й день: в Ужгороді знову зібралися на мирну акцію на підтримку ексміністра Федорова,https://suspilne.media/uzhhorod/1369436-17-j-den-v-uzgorodi-znovu-zibralisa-na-mirnu-akciu-na-pidtrimku-eksministra-fedorova/,"01.08, 20:40",невідомо,unknown,took place,relay,нацвипуск із посиланням на регіональну редакцію,6 Aug
Kyiv,Інтерфакс-Україна,Акції протесту в п'ятницю стали найбільш масовими з часів Революції Гідності – Козятинський - Інтерфакс-Україна,https://interfax.com.ua/news/general/1189924.html,"01.08, 17:15","«У Києві тисячі людей вийшли на марш, а в регіонах громадяни зібралися на центральних площах, щоб висловити свою позицію щодо поточних рішень керівництва держави, повідомив один із ініціаторів протесту, ветаран та активіст, колишній бойовий медик батальйону ""Вовки да Вінчі"" Дмитро Козятинський.»",1000–4999,took place,not stated,не вказано,6 Aug
Kyiv,Факти ICTV,"Федоров відмовився виходити до протестувальників, які вимагають його повернення",https://fakty.com.ua/ua/ukraine/polituka/20260801-fedorov-vidmovyvsya-vyhodyty-do-protestuvalnykiv-yaki-vymagayut-jogo-povernennya/,"01.08, 19:07","«Протестна хода у Києві зібрала тисячі людей: головні вимоги Джерело : NYT Пов'язані теми: Володимир Зеленський Міноборони України Михайло Федоров Якщо побачили помилку, будь ласка, виділіть фрагмент тексту і натисніть Ctrl+Enter.»",1000–4999,took place,not stated,не вказано,6 Aug
Lutsk,Rayon.in.ua,Луцьк вимагає повернути Федорова на посаду міністра оборони,https://lutsk.rayon.in.ua/news/1091310-krapka-ne-postavlena-u-lucku-vidbulasia-mirna-protestna-xoda,"01.08, 10:50",невідомо,unknown,took place,not stated,не вказано,6 Aug
Lviv,Твоє місто,Мітинги у Львові продовжуються: містяни всімнадцяте вийшли з вимогами щодо змін у Міноборони,https://tvoemisto.tv/uk/news/7762-mitynhy-u-lvovi-prodovzhuyutsya-mistyany-vsimnadtsyate-vyyshly-z-vymohamy-shchodo-zmin-u-minoborony,"01.08, 11:49",невідомо,unknown,took place,own correspondent,власне видання,6 Aug
Mykolaiv,NikVesti,"Ексміністр Федоров не хоче, щоб «картонні майдани» втягнули його у політику",https://nikvesti.com/news/politics/321872-eksministr-fedorov-ne-khoche-schob-kartonni-maidani-vtyahnuly-yoho-u-polityku,"01.08, 17:33",невідомо,unknown,took place,own correspondent,власне видання,6 Aug
Odesa,Культурометр,В Одесі молодь 16-й день протестує через кадрові зміни в уряді,https://culturemeter.od.ua/uk/v-odesi-molod-16-y-den-protestuye-cherez-zminy-v-uryadi-251809/,"01.08, 15:04",невідомо,unknown,took place,not stated,не вказано,6 Aug
Rivne,Rayon.in.ua,У Рівному близько ста людей вийшли на протестну ходу на підтримку ексміністра оборони Михайла Федорова,https://rivne.rayon.in.ua/news/1091341-u-rivnomu-blizko-sta-liudei-viisli-na-protestnu-xodu-na-pidtrimku-eksministra-oboroni-mixaila-fedorova,"01.08, 15:10",«Координаторка протесту Світлана Дирда Читайте також: У Рівному відбулася акція на підтримку міністра оборони Федорова: зібралися близько пів сотні людей Як у Рівному відбувалася акція протесту через відставку Михайла Федорова з посади міністра оборони Під час ходи учасники несли таблички з написами та скандували гасла «Задовбали ваші схеми!»»,<100,took place,own correspondent,власне видання,6 Aug
Ternopil,Suspilne (Тернопіль),"«Об’єднані тишею, що голосніша за слова»: в Тернополі відбулася акція-нагадування",https://suspilne.media/ternopil/1369390-obednani-tiseu-so-golosnisa-za-slova-v-ternopoli-vidbulasa-akcia-nagaduvanna/,"01.08, 18:27","«В акції-нагадування взяли участь понад 1000 людей з різних міст України, розповіла її організаторка в Тернополі Христина Мицько.»",<100,took place,own correspondent,кореспондент Суспільного (Тернопіль),6 Aug
Uzhhorod,Suspilne (Ужгород),17-й день: в Ужгороді знову зібралися на мирну акцію на підтримку ексміністра Федорова,https://suspilne.media/uzhhorod/1369436-17-j-den-v-uzgorodi-znovu-zibralisa-na-mirnu-akciu-na-pidtrimku-eksministra-fedorova/,"01.08, 20:40",невідомо,unknown,took place,own correspondent,кореспондент Суспільного (Ужгород),6 Aug
Dnipro,Dnipro.media,У Дніпрі проходить 19-та акція проти звільнення Федорова,https://www.dnipro.media/novyny-dnipro/odnoosibne-upravlinnya-tse-problema-u-dnipri-prohodyt-19-ta-aktsiya-na-pidtrymku-fedorova/,"02.08, 20:25",невідомо,unknown,took place,own correspondent,власне видання,6 Aug
Dnipro,Suspilne (Дніпро),18-й день мітингів у Дніпрі. Жителі міста долучились до акції протесту проти звільнення Федорова,https://suspilne.media/dnipro/1369358-18-j-den-mitingiv-u-dnipri-ziteli-mista-dolucilis-do-akcii-protestu-proti-zvilnenna-fedorova/,"02.08, 19:35",невідомо,unknown,took place,own correspondent,кореспондент Суспільного (Дніпро),6 Aug
Ivano-Frankivsk,Suspilne (Івано-Франківськ),У Франківську вісімнадцятий день поспіль люди з картонками вийшли на підтримку ексміністра оборони,https://suspilne.media/ivano-frankivsk/1369832-u-frankivsku-visimnadcatij-den-pospil-ludi-z-kartonkami-vijsli-na-pidtrimku-eksministra-oboroni/,"02.08, 20:32",«У Франківську на 17 день акцій до протестної ходи долучилися 200 людей Протести за Федорова.»,100–999,took place,own correspondent,кореспондент Суспільного (Івано-Франківськ),6 Aug
Ivano-Frankivsk,report.if.ua,«Чути народ — не слабкість»: у Франківську відбулася хода за повернення Федорова в МО (ФОТО),https://report.if.ua/lyudy/chuty-narod-ne-slabkist-u-frankivsku-vidbulasya-hoda-za-povernennya-fedorova-v-mo-foto/,"02.08, 09:41",«Чути народ — не слабкість»: у Франківську відбулася хода за повернення Федорова в МО (ФОТО) Перейти до вмісту Перейти до вмісту СВІЖЕ: У лікарні помер військовий з Долини Тарас Когут До 785-річчя Коломиї кондитерка Леся Кушнірук презентувала авторський торт «Писанкове Прикарпаття»,100–999,took place,own correspondent,власне видання,6 Aug
Ivano-Frankivsk,Інформатор (Івано-Франківськ),У Франківську 18 день мітингують на підтримку Федорова (ФОТО) - Інформатор Івано-Франківськ,https://if.informator.ua/2026/08/02/u-frankivsku-18-den-mitynguyut-na-pidtrymku-fedorova-foto/,"02.08, 20:13",невідомо,unknown,took place,own correspondent,власне видання,6 Aug
Ivano-Frankivsk,Агенція новин Фіртка,«Час виправляти помилки! Поверніть Федорова». У Франківську на 17 день акцій до протестної ходи долучилися 200 людей,https://firtka.if.ua/blog/view/chas-vipravliati-pomilki-povernit-fedorova-u-frankivsku-na-17-den-aktsii-do-protestnoyi-khodi-doluchilisia-200-liudei,"02.08, 09:46",«У Франківську на 17 день акцій до протестної ходи долучилися 200 людей --> Люди Їжа Наука Культура Туризм Духовне Новини Публікації Блоги Бізнес Спорт Політика Вхід Люди Їжа Наука Культура Туризм Духовне Новини Публікації Блоги Бізнес Спорт Політика «Час виправляти помилки!»,100–999,took place,own correspondent,власне видання,6 Aug
Kolomyia,Suspilne (Івано-Франківськ),У Франківську вісімнадцятий день поспіль люди з картонками вийшли на підтримку ексміністра оборони,https://suspilne.media/ivano-frankivsk/1369832-u-frankivsku-visimnadcatij-den-pospil-ludi-z-kartonkami-vijsli-na-pidtrimku-eksministra-oboroni/,"02.08, 20:32","«До 785-річчя Коломиї кондитерка Леся Кушнірук презентувала авторський торт міста 6 серпня, 17:44 В Івано-Франківську вперше провели малоінвазивну операцію немовляті.»",100–999,took place,relay,нацвипуск із посиланням на регіональну редакцію,6 Aug
Kolomyia,report.if.ua,«Чути народ — не слабкість»: у Франківську відбулася хода за повернення Федорова в МО (ФОТО),https://report.if.ua/lyudy/chuty-narod-ne-slabkist-u-frankivsku-vidbulasya-hoda-za-povernennya-fedorova-v-mo-foto/,"02.08, 09:41",«Чути народ — не слабкість»: у Франківську відбулася хода за повернення Федорова в МО (ФОТО) Перейти до вмісту Перейти до вмісту СВІЖЕ: У лікарні помер військовий з Долини Тарас Когут До 785-річчя Коломиї кондитерка Леся Кушнірук презентувала авторський торт «Писанкове Прикарпаття»,100–999,took place,not stated,не вказано,6 Aug
Kropyvnytskyi,Гречка (Кропивницький),«Вимагаємо від влади діалогу»: у Кропивницькому 17-й день поспіль мітингували за армійську реформу - Гречка,https://gre4ka.info/suspilstvo/vymagayemo-dialogu-vid-vlady-u-kropyvnyczkomu-17-j-den-pospil-mitynguvaly-za-armijsku-reformu/,"02.08, 10:21",невідомо,unknown,took place,own correspondent,власне видання,6 Aug
Kyiv,LIGA.net,Чому Федоров не реагує на картонкові протести – пояснив бізнесмен і ексвійськовий Оністрат,https://news.liga.net/ua/politics/news/chomu-fedorov-ne-reahuie-na-kartonkovi-protesty-poiasnyv-biznesmen-i-eksviyskovyy-onistrat,"02.08, 12:37",невідомо,unknown,took place,not stated,не вказано,6 Aug
Kyiv,Suspilne (Львів),Вісімнадцята акція у Львові: мітингувальники вкотре вийшли з вимогою повернути Федорова на посаду,https://suspilne.media/lviv/1369864-visimnadcata-akcia-u-lvovi-mitinguvalniki-vkotre-vijsli-z-vimogou-povernuti-fedorova-na-posadu/,"02.08, 20:23",невідомо,unknown,took place,relay,нацвипуск із посиланням на регіональну редакцію,6 Aug
Kyiv,Suspilne (Ужгород),В Ужгороді 18-й день поспіль зібралися на мирну акцію на підтримку ексміністра Михайла Федорова,https://suspilne.media/uzhhorod/1369858-v-uzgorodi-18-j-den-pospil-zibralisa-na-mirnu-akciu-na-pidtrimku-eksministra-mihajla-fedorova/,"02.08, 20:40",невідомо,unknown,took place,relay,нацвипуск із посиланням на регіональну редакцію,6 Aug
Kyiv,Гречка (Кропивницький),«Вимагаємо від влади діалогу»: у Кропивницькому 17-й день поспіль мітингували за армійську реформу - Гречка,https://gre4ka.info/suspilstvo/vymagayemo-dialogu-vid-vlady-u-kropyvnyczkomu-17-j-den-pospil-mitynguvaly-za-armijsku-reformu/,"02.08, 10:21",невідомо,unknown,took place,not stated,не вказано,6 Aug
Lviv,Suspilne (Львів),Вісімнадцята акція у Львові: мітингувальники вкотре вийшли з вимогою повернути Федорова на посаду,https://suspilne.media/lviv/1369864-visimnadcata-akcia-u-lvovi-mitinguvalniki-vkotre-vijsli-z-vimogou-povernuti-fedorova-na-posadu/,"02.08, 20:23",невідомо,unknown,took place,own correspondent,кореспондент Суспільного (Львів),6 Aug
Odesa,times.od.ua,Дерибасівська в Одесі охоплена «картонним протестом»: чому мешканці знову вийшли на вулицю (фоторепортаж),https://times.od.ua/derybasivska-v-odesi-ohoplena-kartonnym-protestom-chomu-meshkantsi-znovu-vyjshly-na-vulytsyu-fotoreportazh/,"02.08, 20:30",невідомо,unknown,took place,not stated,не вказано,6 Aug
Odesa,Одеське життя,В Одесі триває «Картонний протест»: чому люди знову вийшли...,https://odessa-life.od.ua/uk/article-uk/v-odesi-tryvaye-kartonnyj-protest-chomu-lyudy-znovu-vyjshly-na-derybasivsku-fotoreportazh,"02.08, 20:29",невідомо,unknown,took place,not stated,не вказано,6 Aug
Uzhhorod,Suspilne (Ужгород),В Ужгороді 18-й день поспіль зібралися на мирну акцію на підтримку ексміністра Михайла Федорова,https://suspilne.media/uzhhorod/1369858-v-uzgorodi-18-j-den-pospil-zibralisa-na-mirnu-akciu-na-pidtrimku-eksministra-mihajla-fedorova/,"02.08, 20:40",невідомо,unknown,took place,own correspondent,кореспондент Суспільного (Ужгород),6 Aug
Chernihiv,Інститут масової інформації,Протести за Михайла Федорова в Чернігові: як місцеві медіа висвітлювали акції,https://imi.org.ua/blogs/kartonky-na-krasnij-ploshchi-yak-chernigivski-media-vysvitlyuvaly-protesty-proty-vidstavky-myhajla-fedorova,"03.08, 10:02",невідомо,unknown,took place,not stated,не вказано,6 Aug
Dnipro,Dnipro.media,"«Якщо не наш голос, нічого не зміниться»: про що дніпряни говорили на 19-й акції проти звільнення Федорова",https://www.dnipro.media/novyny-dnipro/yakshho-ne-nash-golos-nichogo-ne-zminytsya-u-dnipri-vidbulasya-19-ta-aktsiya-proty-zvilnennya-fedorova/,"03.08, 09:11",невідомо,unknown,took place,own correspondent,власне видання,6 Aug
Dnipro,Dnipro.media,Де проходитимуть акції на підтримку Федорова у Дніпрі з 6 серпня,https://www.dnipro.media/novyny-dnipro/aktsiyi-na-pidtrymku-fedorova-u-dnipri-perenesut-do-miskrady/,"03.08, 15:24",невідомо,unknown,took place,own correspondent,власне видання,6 Aug
Ivano-Frankivsk,Suspilne (Івано-Франківськ),У Франківську дев'ятнадцятий день поспіль тривають мітинги за поновлення на посаді ексміністра оборони Федорова,https://suspilne.media/ivano-frankivsk/1370680-u-frankivsku-devatnadcatij-den-pospil-trivaut-mitingi-za-ponovlenna-na-posadi-eksministra-oboroni-fedorova/,"03.08, 20:12",«У Франківську на 17 день акцій до протестної ходи долучилися 200 людей Протести за Федорова.»,100–999,took place,own correspondent,кореспондент Суспільного (Івано-Франківськ),6 Aug
Ivano-Frankivsk,styknews.info,В Івано-Франківську 18-й день поспіль тривають протести на підтримку Михайла Федорова,https://styknews.info/novyny/sotsium/2026/08/03/v-ivano-frankivsku-18-j-den-pospil-tryvaiut-protesty-na-pidtrymku-mykhajla-fedorova,"03.08, 14:03",невідомо,unknown,took place,not stated,не вказано,6 Aug
Kolomyia,Suspilne (Івано-Франківськ),У Франківську дев'ятнадцятий день поспіль тривають мітинги за поновлення на посаді ексміністра оборони Федорова,https://suspilne.media/ivano-frankivsk/1370680-u-frankivsku-devatnadcatij-den-pospil-trivaut-mitingi-za-ponovlenna-na-posadi-eksministra-oboroni-fedorova/,"03.08, 20:12","«До 785-річчя Коломиї кондитерка Леся Кушнірук презентувала авторський торт міста 6 серпня, 17:44 В Івано-Франківську вперше провели малоінвазивну операцію немовляті.»",100–999,took place,relay,нацвипуск із посиланням на регіональну редакцію,6 Aug
Kyiv,DW,"Протести у Києві, день 19 - фоторепортаж",https://www.dw.com/uk/protesti-u-kievi-den-19-fotoreportaz/a-78224479,"03.08, 23:30","«https://p.dw.com/p/5IDl9 На площі Івана Франка у Києві ввчері 3 серпня Фото: Oleksandr Savytskyj/DW Реклама Близько 200 мітингувальників зібрала у Києві у понеділок, 3 серпня, чергова акція протесту проти звільнення з посади міністра оборони Михайла Федорова .»",100–999,took place,not stated,не вказано,6 Aug
Kyiv,DW,"Протести у Києві, день 19 - фоторепортаж",https://amp.dw.com/uk/protesti-u-kievi-den-19-fotoreportaz/a-78224479,"03.08, 23:31","«Скопіювати посилання На площі Івана Франка у Києві ввчері 3 серпня Фото: Oleksandr Savytskyj/DW Реклама Близько 200 мітингувальників зібрала у Києві у понеділок, 3 серпня, чергова акція протесту проти звільнення з посади міністра оборони Михайла Федорова .»",100–999,took place,not stated,не вказано,6 Aug
Kyiv,NV,"«Банковій здавати назад — не варіант». Як Федорову влаштували медійну розправу, де він кривить душею і чому має очолити протест — Рейтерович",https://nv.ua/ukr/ukraine/politics/zelenskiy-ne-vidstupit-fedorov-maye-ocholiti-protest-na-tli-rozpravi-reyterovich-novini-ukrajini-50629250.html,"03.08, 05:28",невідомо,unknown,took place,not stated,не вказано,6 Aug
Kyiv,NV,"«Стоїмо, стояли і будемо стояти». По всій Україні 19-й день поспіль тривають протести проти звільнення Федорова — фото",https://nv.ua/ukr/ukraine/politics/protesti-proti-zvilnennya-fedorova-19-y-den-mitingiv-u-mistah-ukrajini-50629566.html,"03.08, 21:32",невідомо,unknown,took place,not stated,не вказано,6 Aug
Kyiv,Suspilne (Ужгород),«Зняти Федорова — зрадити військо»: в Ужгороді 19-й день відбулась мирна акція проти відставки міністра оборони,https://suspilne.media/uzhhorod/1370780-znati-fedorova-zraditi-vijsko-v-uzgorodi-19-j-den-trivae-mirna-akcia-proti-vidstavki-ministra-oboroni/,"03.08, 21:02",невідомо,unknown,took place,relay,нацвипуск із посиланням на регіональну редакцію,6 Aug
Kyiv,Новини.LIVE,19-й день поспіль: в Україні продовжуються мітинги на підтримку Федорова,https://news.novyny.live/19-i-den-pospil-v-ukrayini-prodovzhuiutsia-mitingi-na-pidtrimku-fedorova-338341.html,"03.08, 21:47",невідомо,unknown,took place,not stated,не вказано,6 Aug
Kyiv,Суспільне (нац.),В Україні 19 день поспіль виходять на протести на підтримку Федорова,https://suspilne.media/1370806-v-ukraini-19-den-pospil-vihodat-na-protesti-na-pidtrimaku-fedorova/,"03.08, 20:16",невідомо,unknown,took place,relay,нацвипуск із посиланням на регіональну редакцію,6 Aug
Lviv,NV,"«Стоїмо, стояли і будемо стояти». По всій Україні 19-й день поспіль тривають протести проти звільнення Федорова — фото",https://nv.ua/ukr/ukraine/politics/protesti-proti-zvilnennya-fedorova-19-y-den-mitingiv-u-mistah-ukrajini-50629566.html,"03.08, 21:32",«У Львові на акцію вийшли близько сотні людей.»,100–999,took place,not stated,не вказано,6 Aug
Mykolaiv,NV,"«Стоїмо, стояли і будемо стояти». По всій Україні 19-й день поспіль тривають протести проти звільнення Федорова — фото",https://nv.ua/ukr/ukraine/politics/protesti-proti-zvilnennya-fedorova-19-y-den-mitingiv-u-mistah-ukrajini-50629566.html,"03.08, 21:32","«, що у Миколаєві близько 12 людей зібралися біля міської ради.»",<100,took place,not stated,не вказано,6 Aug
Uzhhorod,Suspilne (Ужгород),«Зняти Федорова — зрадити військо»: в Ужгороді 19-й день відбулась мирна акція проти відставки міністра оборони,https://suspilne.media/uzhhorod/1370780-znati-fedorova-zraditi-vijsko-v-uzgorodi-19-j-den-trivae-mirna-akcia-proti-vidstavki-ministra-oboroni/,"03.08, 21:02",невідомо,unknown,took place,own correspondent,кореспондент Суспільного (Ужгород),6 Aug
Uzhhorod,Varosh,20 днів в Ужгороді тривають протести на підтримку Михайла Федорова: що сталось за цей час,https://varosh.com.ua/noviny/mayze-try-tyzni-v-uzhorodi-tryvaiut-protesty-na-pidtrymku-mykhayla-fedorova-shcho-zminylos-za-tsey-chas/,"03.08, 10:00",невідомо,unknown,took place,own correspondent,власне видання,6 Aug
Vinnytsia,Vежа,"У Вінниці відбулася хода протесту, присвячена питанням військової реформи та повернення Михайла Федорова. ФОТОРЕПОРТАЖ",https://vezha.ua/u-vinnytsi-vidbulasya-hoda-protestu-prysvyachena-pytannyam-vijskovoyi-reformy-ta-povernennya-myhajla-fedorova-fotoreportazh/,"03.08, 14:22",невідомо,unknown,took place,own correspondent,власне видання,6 Aug
Dnipro,Censor.NET,У містах України 20-й день поспіль пройшли масові мітинги проти відставки Федорова. ФОТОрепортаж,https://censor.net/ua/photonews/4016930/protesty-za-fedorova-tryvayut-20-den-u-mistah-ukrayiny,"04.08, 22:35","«Більше читайте у нашому Telegram-каналі Протести проти відставки Федорова У Дніпрі близько 50 містян долучилися до акції підтримки, пише "" Суспільне "".»",<100,took place,relay,релей,6 Aug
Ivano-Frankivsk,Censor.NET,У містах України 20-й день поспіль пройшли масові мітинги проти відставки Федорова. ФОТОрепортаж,https://censor.net/ua/photonews/4016930/protesty-za-fedorova-tryvayut-20-den-u-mistah-ukrayiny,"04.08, 22:35",невідомо,unknown,took place,not stated,не вказано,6 Aug
Ivano-Frankivsk,OBOZ.UA,"""Поверніть Федорова!"" У містах України 20-й день поспіль тривають масові мітинги. Фото",https://www.obozrevatel.com/ukr/novosti-obschestvo/povernit-fedorova-u-mistah-ukraini-20-j-den-pospil-trivayut-masovi-mitingi-foto.htm,"04.08, 21:10",невідомо,unknown,took place,not stated,не вказано,6 Aug
Ivano-Frankivsk,Інформатор (Івано-Франківськ),«Працює — не чіпай»: у Франківську триває 20-й день мітингів на підтримку Федорова - Інформатор Івано-Франківськ,https://if.informator.ua/2026/08/04/praczyuye-ne-chipaj-u-frankivsku-tryvaye-20-j-den-mityngiv-na-pidtrymku-fedorova/,"04.08, 20:00",невідомо,unknown,took place,own correspondent,власне видання,6 Aug
Kremenchuk,Кременчуцька газета,"«Пусти його, хай доробить»: на площі Перемоги у Кременчуці вкотре вимагали повернути Федорова",https://kg.ua/news/kremenchuk-ta-regioni/pusti-yogo-hay-dorobit-na-ploshchi-peremogi-u-kremenchuci-vkotre-vimagali,"04.08, 21:27",невідомо,unknown,took place,own correspondent,власне видання,6 Aug
Kyiv,NV,По всій Україні 20-й день підряд тривають протести з вимогою повернути Федорова в Міноборони — фото,https://nv.ua/ukr/ukraine/politics/protesti-proti-zvilnennya-fedorova-20-y-den-mitingiv-po-vsiy-ukrajini-50629924.html,"04.08, 22:44",невідомо,unknown,took place,not stated,не вказано,6 Aug
Kyiv,Новини.LIVE,Попри дощ та тривоги: українці знову мітингували проти відставки Федорова,https://news.novyny.live/popri-doshch-ta-trivogi-ukrayintsi-znovu-mitinguvali-proti-vidstavki-fedorova-338557.html,"04.08, 23:44",У центрі Києва перед театром імені Івана Франка відбувся мітинг за участю близько ста двадцяти людей.,100–999,took place,own correspondent,репортаж Новини.LIVE з місця події,6 Aug
Mykolaiv,NV,По всій Україні 20-й день підряд тривають протести з вимогою повернути Федорова в Міноборони — фото,https://nv.ua/ukr/ukraine/politics/protesti-proti-zvilnennya-fedorova-20-y-den-mitingiv-po-vsiy-ukrajini-50629924.html,"04.08, 22:44",невідомо,unknown,took place,not stated,не вказано,6 Aug
Uzhhorod,Censor.NET,У містах України 20-й день поспіль пройшли масові мітинги проти відставки Федорова. ФОТОрепортаж,https://censor.net/ua/photonews/4016930/protesty-za-fedorova-tryvayut-20-den-u-mistah-ukrayiny,"04.08, 22:35",невідомо,unknown,took place,not stated,не вказано,6 Aug
Uzhhorod,OBOZ.UA,"""Поверніть Федорова!"" У містах України 20-й день поспіль тривають масові мітинги. Фото",https://www.obozrevatel.com/ukr/novosti-obschestvo/povernit-fedorova-u-mistah-ukraini-20-j-den-pospil-trivayut-masovi-mitingi-foto.htm,"04.08, 21:10",невідомо,unknown,took place,not stated,не вказано,6 Aug
Uzhhorod,Suspilne (Ужгород),20 день: в Ужгороді відбулась мирна акція проти відставки міністра оборони Федорова,https://suspilne.media/uzhhorod/1371620-20-den-v-uzgorodi-vidbulas-mirna-akcia-proti-vidstavki-ministra-oboroni-fedorova/,"04.08, 20:19",невідомо,unknown,took place,own correspondent,кореспондент Суспільного (Ужгород),6 Aug
Dnipro,Dnipro.media,У протестувальників – нові вимоги: у Дніпрі анонсували чергову акцію на підтримку Федорова,https://www.dnipro.media/novyny-dnipro/u-protestuvalnykiv-novi-vymogy-u-dnipri-anonsuvaly-chergovu-aktsiyu-na-pidtrymku-fedorova/,"05.08, 09:47",невідомо,unknown,took place,own correspondent,власне видання,6 Aug
Dnipro,NV,В Україні 21-й день поспіль тривають протести за повернення Федорова в Міноборони — фото,https://nv.ua/ukr/ukraine/politics/protesti-proti-zvilnennya-fedorova-21-y-den-mitingiv-u-kiyevi-ta-inshih-mistah-ukrajini-50630248.html,"05.08, 22:41","«, що у Дніпрі зібралися щонайменше 40 громадян.»",<100,took place,not stated,не вказано,6 Aug
Dnipro,NV,В Україні 21-й день поспіль тривають протести за повернення Федорова в Міноборони — фото,https://nv.ua/ukr/amp/protesti-proti-zvilnennya-fedorova-21-y-den-mitingiv-u-kiyevi-ta-inshih-mistah-ukrajini-50630248.html,"05.08, 22:41","«, що у Дніпрі зібралися щонайменше 40 громадян.»",<100,took place,not stated,не вказано,6 Aug
Dnipro,OBOZ.UA,"""Зроблено лише половину"": у містах України 21-й день поспіль тривають масові мітинги за повернення Федорова в МО. Фото і відео",https://www.obozrevatel.com/ukr/novosti-obschestvo/zrobleno-lishe-polovinu-u-mistah-ukraini-21-j-den-pospil-trivayut-masovi-mitingi-za-povernennya-fedorova-v-mo-foto-i-video.htm,"05.08, 20:55",невідомо,unknown,took place,not stated,не вказано,6 Aug
Dnipro,Радіо Свобода,"Попри протести, соціологи не фіксують зниження довіри Зеленському – КМІС",https://www.radiosvoboda.org/a/news-kmis-dovira-zelenskyy-protesty/33822671.html,"05.08, 13:58",невідомо,unknown,took place,not stated,не вказано,6 Aug
Ivano-Frankivsk,OBOZ.UA,"""Зроблено лише половину"": у містах України 21-й день поспіль тривають масові мітинги за повернення Федорова в МО. Фото і відео",https://www.obozrevatel.com/ukr/novosti-obschestvo/zrobleno-lishe-polovinu-u-mistah-ukraini-21-j-den-pospil-trivayut-masovi-mitingi-za-povernennya-fedorova-v-mo-foto-i-video.htm,"05.08, 20:55",невідомо,unknown,took place,not stated,не вказано,6 Aug
Kremenchuk,Кременчуцький Телеграф,«Кременчук стоїть уже 21-й день»: на площі Перемоги знову скандували «Федоров!»,https://www.telegraf.in.ua/kremenchug/kremenchuk-stoyit-uzhe-21-j-den-na-ploshhi-peremogy-znovu-skanduvaly-fedorov.html,"05.08, 20:15",невідомо,unknown,took place,own correspondent,власне видання,6 Aug
Kyiv,NV,В Україні 21-й день поспіль тривають протести за повернення Федорова в Міноборони — фото,https://nv.ua/ukr/ukraine/politics/protesti-proti-zvilnennya-fedorova-21-y-den-mitingiv-u-kiyevi-ta-inshih-mistah-ukrajini-50630248.html,"05.08, 22:41",невідомо,unknown,took place,not stated,не вказано,6 Aug
Kyiv,NV,В Україні 21-й день поспіль тривають протести за повернення Федорова в Міноборони — фото,https://nv.ua/ukr/amp/protesti-proti-zvilnennya-fedorova-21-y-den-mitingiv-u-kiyevi-ta-inshih-mistah-ukrajini-50630248.html,"05.08, 22:41",невідомо,unknown,took place,not stated,не вказано,6 Aug
Kyiv,NV,"КМІС: Зеленському довіряють 55% українців, попри протести та резонансні кадрові рішення",https://nv.ua/ukr/ukraine/politics/dovira-do-zelenskogo-znizilasya-do-55-opituvannya-kmis-upislya-pochatku-protestiv-50630197.html,"05.08, 18:22",невідомо,unknown,took place,not stated,не вказано,6 Aug
Kyiv,Shelter.in.ua,21-й день українці вимагають повернення Федорова на посаду міністра оборони,https://shelter.in.ua/polityka/21-y-den-ukrayintsi-vymahaiut-povernennia-fedorova-na-posadu-ministra-oborony,"05.08, 21:46","«Політика 4 серпня 07:00 Нагадаємо, у п’ятницю, 31 липня, відбулася наймасштабніша хода за час протестів: у Києві близько 15 тисяч людей вийшли на підтримку реформ та Федорова.»",<100,took place,not stated,не вказано,6 Aug
Kyiv,Suspilne (Ужгород),21 день поспіль в Ужгороді проводять мирну акцію проти відставки міністра оборони Федорова,https://suspilne.media/uzhhorod/1372464-21-den-pospil-v-uzgorodi-provodat-mirnu-akciu-proti-vidstavki-ministra-oboroni-fedorova/,"05.08, 20:40",невідомо,unknown,took place,relay,нацвипуск із посиланням на регіональну редакцію,6 Aug
Kyiv,Suspilne (Ужгород),21 день поспіль в Ужгороді проводять мирну акцію проти відставки міністра оборони Федорова,https://suspilne.media/amp/uzhhorod/1372464-21-den-pospil-v-uzgorodi-provodat-mirnu-akciu-proti-vidstavki-ministra-oboroni-fedorova/,"05.08, 20:40",невідомо,unknown,took place,relay,нацвипуск із посиланням на регіональну редакцію,6 Aug
Kyiv,Апостроф,"Повернення Федорова до Міноборони: понад 60% учасників опитування висловилися ""за""",https://apostrophe.ua/society/povernennja-fedorova-do-minoboroni-pidtrimali-ponad-60-uchasnikiv-opituvannja-apostrofa.html,"05.08, 12:20",невідомо,unknown,took place,not stated,не вказано,6 Aug
Kyiv,Радіо Свобода,"Попри протести, соціологи не фіксують зниження довіри Зеленському – КМІС",https://www.radiosvoboda.org/a/news-kmis-dovira-zelenskyy-protesty/33822671.html,"05.08, 13:58",невідомо,unknown,took place,own correspondent,кореспонденти Радіо Свобода,6 Aug
Lviv,Новини.LIVE,21-й день поспіль: в Україні відбулися мітинги на підтримку Михайла Федорова,https://news.novyny.live/21-i-den-pospil-v-ukrayini-vidbulisia-mitingi-na-pidtrimku-mikhaila-fedorova-338731.html,"06.08, 00:24",«.media У Львові до протесту біля пам'ятника Тарасу Шевченка долучилися близько півтора сотні людей .»,100–999,took place,not stated,не вказано,6 Aug
Lviv,Радіо Свобода,"Попри протести, соціологи не фіксують зниження довіри Зеленському – КМІС",https://www.radiosvoboda.org/a/news-kmis-dovira-zelenskyy-protesty/33822671.html,"05.08, 13:58",невідомо,unknown,took place,not stated,не вказано,6 Aug
Mykolaiv,Suspilne (Миколаїв),20-й день поспіль миколаївці збираються на акцію на підтримку Федорова,https://suspilne.media/mykolaiv/1372444-20-j-den-pospil-mikolaivci-zbirautsa-na-akciu-na-pidtrimku-fedorova/,"05.08, 19:25",невідомо,unknown,took place,own correspondent,кореспондент Суспільного (Миколаїв),6 Aug
Mykolaiv,Suspilne (Миколаїв),20-й день поспіль миколаївці збираються на акцію на підтримку Федорова,https://suspilne.media/amp/mykolaiv/1372444-20-j-den-pospil-mikolaivci-zbirautsa-na-akciu-na-pidtrimku-fedorova/,"05.08, 19:25",невідомо,unknown,took place,own correspondent,кореспондент Суспільного (Миколаїв),6 Aug
Rivne,Четверта влада,"«Це шанс, який не можна втратити»: що Марія Берлінська сказала про Михайла Федорова, кадрові рішення та протести в Україні",https://4vlada.com/node/5632,"05.08, 17:39","«На Театральній площі у Рівному 24 липня на акцію, за нашими підрахунками, зібралося близько 150 людей .»",100–999,took place,own correspondent,власне видання,6 Aug
Uzhhorod,OBOZ.UA,"""Зроблено лише половину"": у містах України 21-й день поспіль тривають масові мітинги за повернення Федорова в МО. Фото і відео",https://www.obozrevatel.com/ukr/novosti-obschestvo/zrobleno-lishe-polovinu-u-mistah-ukraini-21-j-den-pospil-trivayut-masovi-mitingi-za-povernennya-fedorova-v-mo-foto-i-video.htm,"05.08, 20:55",невідомо,unknown,took place,not stated,не вказано,6 Aug
Uzhhorod,Suspilne (Ужгород),21 день поспіль в Ужгороді проводять мирну акцію проти відставки міністра оборони Федорова,https://suspilne.media/uzhhorod/1372464-21-den-pospil-v-uzgorodi-provodat-mirnu-akciu-proti-vidstavki-ministra-oboroni-fedorova/,"05.08, 20:40",невідомо,unknown,took place,own correspondent,кореспондент Суспільного (Ужгород),6 Aug
Uzhhorod,Suspilne (Ужгород),21 день поспіль в Ужгороді проводять мирну акцію проти відставки міністра оборони Федорова,https://suspilne.media/amp/uzhhorod/1372464-21-den-pospil-v-uzgorodi-provodat-mirnu-akciu-proti-vidstavki-ministra-oboroni-fedorova/,"05.08, 20:40",невідомо,unknown,took place,own correspondent,кореспондент Суспільного (Ужгород),6 Aug
Dnipro,Dnipro.media,Тихий протест: у Дніпрі 22-гу акцію на підтримку Федорова провели у новому форматі,https://www.dnipro.media/novyny-dnipro/tyhyj-protest-u-dnipri-22-gu-aktsiyu-na-pidtrymku-fedorova-provely-u-novomu-formati/,"06.08, 09:57",невідомо,unknown,ongoing,own correspondent,власне видання,6 Aug
Dnipro,Dnipro.media,Паперові кораблики та стрім Стерненка: у Дніпрі проходить 23-тя акція на підтримку Федорова,https://www.dnipro.media/novyny-dnipro/paperovi-korablyky-ta-strim-sternenka-u-dnipri-prohodyt-23-tya-aktsiya-na-pidtrymku-fedorova/,"06.08, 20:47",невідомо,unknown,ongoing,own correspondent,власне видання,6 Aug
Kyiv,Publika.ua,В Україні 21-й день поспіль тривають протести за повернення Федорова в Міноборони — фото,https://www.publika.ua/rssnews/uanews/1371624/?page\\u003d6,"06.08, 03:37",невідомо,unknown,ongoing,not stated,не вказано,6 Aug
Kyiv,Газета Дейком,«Шанс ще є»: Федоров зробив гучну заяву про повернення в Міноборони та назвав головну умову,https://daycom.com.ua/news/sans-shhe-je-fedorov-zrobiv-gucnu-zaiavu-pro-povernennia-v-minoboroni-ta-nazvav-golovnu-umovu,"06.08, 20:45",невідомо,unknown,ongoing,not stated,не вказано,6 Aug
Izmail,Suspilne (Одеса),"«Не чіпай того, хто діє»: в Ізмаїлі молодь вийшла на акцію проти відставки ексміністра оборони Федорова",https://suspilne.media/odesa/1359966-ne-cipaj-togo-hto-die-v-izmaili-molod-vijsla-na-akciu-proti-vidstavki-eksministra-oboroni-fedorova/,20.07,«Мирні акції проти відставки ексміністра оборони Михайла Федорова відбуваються в Ізмаїлі з 16 липня»,unknown,took place,own correspondent,кореспондент Суспільного (Одеса),6 Aug
Uzhhorod,Суспільне | Новини,В Ужгороді 23 день поспіль проводять мирну акцію проти відставки ексміністра оборони Михайла Федорова,https://suspilne.media/uzhhorod/1374228-v-uzgorodi-23-den-pospil-provodat-mirnu-akciu-proti-vidstavki-eksministra-oboroni-mihajla-fedorova,07.08,"Станом на 20:25 зібралося 20 людей, вони розпочали ходу містом.",<100,took place,own correspondent,кореспондентка Суспільного Ужгород з місця події,1 Sep
Cherkasy,Суспільне | Новини,Верніть Федорова: у Черкасах відбулася хода та мітинг проти звільнення міністра оборони,https://suspilne.media/cherkasy/1374218-vernit-fedorova-u-cerkasah-vidbulasa-hoda-ta-miting-proti-zvilnenna-ministra-oboroni,07.08,У Черкасах 7 серпня відбулася протестна хода проти звільнення Михайла Федорова з посади міністра оборони.,unknown,took place,own correspondent,кореспондентка Суспільного Черкаси з місця події,1 Sep
Kharkiv,Суспільне | Новини,У Харкові 23-й день поспіль тривають акції на підтримку екс-міністра оборони Федорова (фото),https://suspilne.media/kharkiv/1374270-u-harkovi-vcergove-vidbulasa-akcia-na-pidtrimku-fedorova-foto,07.08,Про це повідомив кореспондент Суспільне Харків з місця події.,unknown,took place,own correspondent,кореспондент Суспільного Харків з місця події,1 Sep
Kharkiv,Gwara Media,У Харкові продовжуються протести проти відставки ексміністра оборони Федорова — фото,https://gwaramedia.com/u-harkovi-prodovzhuyutsya-protesti-proti-vidstavki-ministra-oboroni-fedorova-foto,07.08,На наступний ранок люди по всій Україні вийшли на протести проти кадрової політики президента.,unknown,took place,own correspondent,репортаж редакції з місця події,1 Sep
Dnipro,OBOZ.UA,"""Верніть Федорова"": у містах України 23-й день поспіль тривають масові мітинги з картонками. Фото і відео - Obozrevatel",https://www.obozrevatel.com/ukr/novosti-obschestvo/vernit-fedorova-u-mistah-ukraini-23-j-den-pospil-trivayut-masovi-mitingi-z-kartonkami-foto-i-video.htm,07.08,У Дніпрі на 23-й день протестів на підтримку колишнього міністра оборони Михайла Федорова зібралося близько 40 людей.,<100,took place,relay,редакційне зведення за місцевими повідомленнями,1 Sep
Uzhhorod,OBOZ.UA,"""Верніть Федорова"": у містах України 23-й день поспіль тривають масові мітинги з картонками. Фото і відео - Obozrevatel",https://www.obozrevatel.com/ukr/novosti-obschestvo/vernit-fedorova-u-mistah-ukraini-23-j-den-pospil-trivayut-masovi-mitingi-z-kartonkami-foto-i-video.htm,07.08,"Станом на 20:25 зібралися близько 20 людей, які після хвилини мовчання за загиблими військовими розпочали ходу містом.",<100,took place,relay,редакційне зведення за місцевими повідомленнями,1 Sep
Cherkasy,OBOZ.UA,"""Верніть Федорова"": у містах України 23-й день поспіль тривають масові мітинги з картонками. Фото і відео - Obozrevatel",https://www.obozrevatel.com/ukr/novosti-obschestvo/vernit-fedorova-u-mistah-ukraini-23-j-den-pospil-trivayut-masovi-mitingi-z-kartonkami-foto-i-video.htm,07.08,"Черкаси У Черкасах учасники протесту зібралися на площі Богдана Хмельницького, після чого пройшли ходою бульваром Шевченка до Соборної площі.",unknown,took place,relay,редакційне зведення за місцевими повідомленнями,1 Sep
Rivne,Суспільне | Новини,Лежачий мітинг на карематах на підтримку ексміністра оборони Михайла Федорова відбувся у Рівному,https://suspilne.media/rivne/1374652-lezacij-miting-na-karematah-na-pidtrimku-eksministra-oboroni-mihajla-fedorova-vidbuvsa-u-rivnomu,08.08,До 30 людей зібралося 8 серпня на Театральній площі у Рівному на «лежачий протест» на підтримку ексміністра оборони Михайла Федорова 8 серпня у Рівному.,<100,took place,own correspondent,кореспондент Суспільного Рівне з місця події,1 Sep
Uzhhorod,Суспільне | Новини,В Ужгороді 24 день поспіль проводять мирну акцію проти відставки ексміністра оборони Михайла Федорова,https://suspilne.media/uzhhorod/1374732-v-uzgorodi-24-den-pospil-provodat-mirnu-akciu-proti-vidstavki-eksministra-oboroni-mihajla-fedorova,08.08,8 серпня станом на 20:30 на мітинг прийшли дванадцятеро людей.,<100,took place,own correspondent,кореспондентка Суспільного Ужгород з місця події,1 Sep
Ivano-Frankivsk,Суспільне | Новини,Середмістям Івано-Франківська пройшла хода на підтримку ексміністра оборони Федорова,https://suspilne.media/ivano-frankivsk/1374686-seredmistam-ivano-frankivska-projsla-hoda-na-pidtrimku-eksministra-oboroni-fedorova,08.08,8 серпня середмістям Івано-Франківська пройшла хода на підтримку Михайла Федорова.,unknown,took place,own correspondent,кореспондент Суспільного Івано-Франківськ з місця події,1 Sep
Ivano-Frankivsk,UKR.NET,В Івано-Франківську вдруге пройшла хода на підтримку ексміністра оборони Федорова (ФОТО) - Ukr.net,https://www.ukr.net/news/details/ivano_frankivsk/118878568.html,09.08,8 серпня в Івано-Франківську близько 100 людей вийшли на мирну ходу на підтримку ексміністра оборони Михайла Федорова.,100–999,took place,relay,ретрансляція місцевого матеріалу,1 Sep
Uzhhorod,Суспільне | Новини,25 день: в Ужгороді відбулась мирна акція проти відставки міністра оборони Федорова,https://suspilne.media/uzhhorod/1375178-25-den-v-uzgorodi-vidbulas-mirna-akcia-proti-vidstavki-ministra-oboroni-fedorova,09.08,9 серпня станом на 20:40 на мітинг прийшли 12 людей.,<100,took place,own correspondent,кореспондентка Суспільного Ужгород з місця події,1 Sep
Uzhhorod,Суспільне | Новини,26 день: в Ужгороді відбулась мирна акція проти відставки міністра оборони Федорова,https://suspilne.media/uzhhorod/1376040-26-den-v-uzgorodi-vidbulas-mirna-akcia-proti-vidstavki-ministra-oboroni-fedorova,10.08,10 серпня станом на 20:30 на мітинг прийшли 17 людей.,<100,took place,own correspondent,кореспондентка Суспільного Ужгород з місця події,1 Sep
Uzhhorod,Суспільне | Новини,27-й день поспіль в Ужгороді триває мирна акція на підтримку Михайла Федорова,https://suspilne.media/uzhhorod/1376912-27-j-den-pospil-v-uzgorodi-trivae-mirna-akcia-na-pidtrimku-mihajla-fedorova,11.08,27-й день поспіль в Ужгороді триває мирна акція на підтримку Михайла Федорова. Станом на 20:30 на площі Поштовій було 15 людей.,<100,took place,own correspondent,кореспондентка Суспільного Ужгород з місця події,1 Sep
Uzhhorod,Суспільне | Новини,В Ужгороді 28 день поспіль проводять мирну акцію проти відставки ексміністра оборони Федорова,https://suspilne.media/uzhhorod/1377658-v-uzgorodi-28-den-pospil-provodat-mirnu-akciu-proti-vidstavki-eksministra-oboroni-fedorova,12.08,Станом на 20:20 на площі Поштовій було 9 людей.,<100,took place,own correspondent,кореспондентка Суспільного Ужгород з місця події,1 Sep
Dnipro,Dnipro.media,Вперше – на новому місці: про що говорили учасники 23-ї акції на підтримку Федорова у Дніпрі,https://www.dnipro.media/novyny-dnipro/vpershe-na-novomu-mistsi-pro-shho-govoryly-uchasnyky-23-yi-aktsiyi-na-pidtrymku-fedorova-u-dnipri/,"07.08, 09:45 (подія 06.08)",У Дніпрі близько 30 людей долучилися до 23-ї акції на підтримку колишнього міністра оборони України Михайла Федорова.,<100,took place,own correspondent,журналісти Dnipro.media з місця події,1 Sep
Dnipro,Dnipro.media,Від картонного «наказу» до звернень у Раду: про що говорили учасники 24-ї акції за Федорова у Дніпрі,https://www.dnipro.media/novyny-dnipro/vid-kartonnogo-nakazu-do-zvernen-u-radu-pro-shho-govoryly-uchasnyky-24-yi-aktsiyi-za-fedorova-u-dnipri/,"08.08, 10:10 (подія 07.08)",У Дніпрі близько 35 людей долучилися до 24-ї акції з вимогою повернути Михайла Федорова на посаду міністра оборони України.,<100,took place,own correspondent,журналісти Dnipro.media з місця події,1 Sep
Dnipro,Dnipro.media,"Попри дощ, 25-ту акцію на підтримку Федорова провели у Дніпрі у вигляді автопробігу",https://www.dnipro.media/novyny-dnipro/popry-doshh-25-tu-aktsiyu-na-pidtrymku-fedorova-provely-u-dnipri-u-vyglyadi-avtoprobigu/,"08.08, 20:38","Близько 10 машин взяли участь у протестному автопробігу, проведеному у Дніпрі, проти звільнення Михайла Федорова з посади міністра оборони України.",unknown,took place,own correspondent,журналісти Dnipro.media; кількість людей не опублікована,1 Sep
Dnipro,Dnipro.media,«Щоб влада приймала адекватні рішення»: у Дніпрі відбулася 26-та акція на підтримку Федорова,https://www.dnipro.media/novyny-dnipro/shhob-vlada-pryjmala-adekvatni-rishennya-u-dnipri-vidbulasya-26-ta-aktsiya-na-pidtrymku-fedorova/,"09.08, 20:37",Близько 25 людей зібралися біля будівлі Дніпровської міської ради на 26-ту акцію проти звільнення міністра оборони України Михайла Федорова.,<100,took place,own correspondent,журналісти Dnipro.media з місця події,1 Sep
Dnipro,Dnipro.media,«Нас не чують»: у Дніпрі близько 35 людей вийшли на 27-му акцію на підтримку Федорова,https://www.dnipro.media/novyny-dnipro/nas-ne-chuyut-u-dnipri-blyzko-35-lyudej-vyjshly-na-27-mu-aktsiyu-na-pidtrymku-fedorova/,"10.08, 20:48",У Дніпрі близько 35 людей взяли участь у 27-й акції протесту проти звільнення Михайла Федорова з посади міністра оборони України.,<100,took place,own correspondent,журналісти Dnipro.media з місця події,1 Sep
Dnipro,Dnipro.media,У Дніпрі близько 50 людей вийшли на «лежачий протест» із вимогою повернути Федорова,https://www.dnipro.media/novyny-dnipro/u-dnipri-blyzko-50-lyudej-vyjshly-na-lezhachyj-protest-iz-vymogoyu-povernuty-fedorova-na-posadu-ministra-oborony/,"11.08, 20:18",У Дніпрі 11 серпня близько 50 людей долучилися до мітингу.,<100,took place,own correspondent,журналісти Dnipro.media з місця події,1 Sep
Dnipro,Dnipro.media,У Дніпрі проходить 29-а акція протесту проти відставки Федорова,https://www.dnipro.media/novyny-dnipro/u-dnipri-prohodyt-29-a-aktsiya-protestu-proty-vidstavky-fedorova/,"12.08, 19:54",На захід зібралися близько 30 людей.,<100,took place,own correspondent,журналісти Dnipro.media з місця події,1 Sep
Dnipro,Dnipro.media,У Дніпрі проходить тридцять перша акція протесту проти відставки Федорова,https://www.dnipro.media/novyny-dnipro/u-dnipri-prohodyt-trydtsyat-persha-aktsiya-protestu-proty-vidstavky-fedorova/,"14.08, 19:57",На захід зібралися близько 30 людей.,<100,took place,own correspondent,журналісти Dnipro.media з місця події,1 Sep
Dnipro,Dnipro.media,"«Ми — народ, ми не ботоферма»: про що говорили учасники 32-ї акції на підтримку Федорова у Дніпрі",https://www.dnipro.media/novyny-dnipro/32-aktsiya-na-pidtrymku-fedorova-u-dnipri/,"16.08, 12:40 (подія 15.08)",На неї увечері 15 серпня 2026 року прийшли близько 20 людей.,<100,took place,own correspondent,журналісти Dnipro.media з місця події,1 Sep
Dnipro,Dnipro.media,«Ми ще не договорили»: про що говорили близько 100 учасників ходи за Федорова в Дніпрі,https://www.dnipro.media/novyny-dnipro/hoda-za-fedorova-u-dnipri-shho-govoryly-uchasnyky/,"17.08, 15:45 (подія 16.08)","Під час руху до колони долучалися нові люди, тому загалом участь у заході взяли близько 100 протестувальників.",100–999,took place,own correspondent,журналісти Dnipro.media з місця події,1 Sep
Dnipro,Dnipro.media,«А позиція президента — це що?»: про що говорили учасники 34-ї акції за повернення Федорова у Дніпрі,https://www.dnipro.media/novyny-dnipro/34-aktsiia-za-povernennia-fedorova-u-dnipri/,"18.08, 12:22 (подія 17.08)",Цього разу на 34-й протест прийшли понад 20 людей.,<100,took place,own correspondent,журналісти Dnipro.media з місця події,1 Sep
Dnipro,Dnipro.media,«Корупціонери нас почують»: про що говорили на 35-й акції за повернення Федорова у Дніпрі,https://www.dnipro.media/novyny-dnipro/koruptsionery-nas-pochuyut-pro-shho-govoryly-na-35-j-aktsiyi-za-povernennya-fedorova-u-dnipri/,"19.08, 08:49 (подія 18.08)",На акцію прийшли близько 30 людей.,<100,took place,own correspondent,журналісти Dnipro.media з місця події,1 Sep
Dnipro,Dnipro.media,"«Нас почули дуже добре. Просто показово ігнорують»: про що говорили на 36-й, останній, акції на підтримку Федорова у Дніпрі",https://www.dnipro.media/novyny-dnipro/36-aktsiya-na-pidtrymku-fedorova-u-dnipri-stala-ostannoyu/,"20.08, 08:42 (подія 19.08)",На мітинг прийшли близько 35 людей.,<100,took place,own correspondent,журналісти Dnipro.media з місця події,1 Sep
Dnipro,Dnipro.media,У Дніпрі проходить акція «Досить ігнорувати»,https://www.dnipro.media/novyny-dnipro/aktsiya-protestu-proty-vidstavky-fedorova-u-dnipri-yak-prohodyt/,"29.08, 20:16",29 серпня біля будівлі Дніпровської міськради проходить акція протесту проти звільнення міністра оборони України Михайла Федорова. На захід зібралися близько 15 людей.,<100,took place,own correspondent,журналісти Dnipro.media з місця події,1 Sep
Kyiv,Shelter,27-й день “картонкових” протестів: українці вимагають призначення Федорова на посаду міністра оборони - shelter.in.ua,https://shelter.in.ua/polityka/27-y-den-kartonkovykh-protestiv-ukrayintsi-vymahaiut-pryznachennia-fedorova-na-posadu-ministra-oborony,11.08,"Київ, Одеса, Запоріжжя, Дніпро, Львів та інші міста вже 27-й день поспіль виходять на протести.",unknown,took place,relay,Спільнота підтримки Федорова; редакційна ретрансляція,1 Sep
Odesa,Shelter,27-й день “картонкових” протестів: українці вимагають призначення Федорова на посаду міністра оборони - shelter.in.ua,https://shelter.in.ua/polityka/27-y-den-kartonkovykh-protestiv-ukrayintsi-vymahaiut-pryznachennia-fedorova-na-posadu-ministra-oborony,11.08,"Київ, Одеса, Запоріжжя, Дніпро, Львів та інші міста вже 27-й день поспіль виходять на протести.",unknown,took place,relay,Спільнота підтримки Федорова; редакційна ретрансляція,1 Sep
Zaporizhzhia,Shelter,27-й день “картонкових” протестів: українці вимагають призначення Федорова на посаду міністра оборони - shelter.in.ua,https://shelter.in.ua/polityka/27-y-den-kartonkovykh-protestiv-ukrayintsi-vymahaiut-pryznachennia-fedorova-na-posadu-ministra-oborony,11.08,"Київ, Одеса, Запоріжжя, Дніпро, Львів та інші міста вже 27-й день поспіль виходять на протести.",unknown,took place,relay,Спільнота підтримки Федорова; редакційна ретрансляція,1 Sep
Dnipro,Shelter,27-й день “картонкових” протестів: українці вимагають призначення Федорова на посаду міністра оборони - shelter.in.ua,https://shelter.in.ua/polityka/27-y-den-kartonkovykh-protestiv-ukrayintsi-vymahaiut-pryznachennia-fedorova-na-posadu-ministra-oborony,11.08,"Київ, Одеса, Запоріжжя, Дніпро, Львів та інші міста вже 27-й день поспіль виходять на протести.",unknown,took place,relay,Спільнота підтримки Федорова; редакційна ретрансляція,1 Sep
Lviv,Shelter,27-й день “картонкових” протестів: українці вимагають призначення Федорова на посаду міністра оборони - shelter.in.ua,https://shelter.in.ua/polityka/27-y-den-kartonkovykh-protestiv-ukrayintsi-vymahaiut-pryznachennia-fedorova-na-posadu-ministra-oborony,11.08,"Київ, Одеса, Запоріжжя, Дніпро, Львів та інші міста вже 27-й день поспіль виходять на протести.",unknown,took place,relay,Спільнота підтримки Федорова; редакційна ретрансляція,1 Sep
Kyiv,Shelter,28-й день протестів: у більшості міст України мітингувальники вийшли з картонками на підтримку Федорова - shelter.in.ua,https://shelter.in.ua/polityka/28-y-den-protestiv-u-bilshosti-mist-ukrayiny-mitynhuvalnyky-vyyshly-z-kartonkamy-na-pidtrymku-fedorova,12.08,"Акції відбулися в Києві, Одесі, Миколаєві, Львові, Дніпрі, Запоріжжі, Рівному, Харкові та інших містах.",unknown,took place,relay,Спільнота підтримки Федорова; редакційна ретрансляція,1 Sep
Odesa,Shelter,28-й день протестів: у більшості міст України мітингувальники вийшли з картонками на підтримку Федорова - shelter.in.ua,https://shelter.in.ua/polityka/28-y-den-protestiv-u-bilshosti-mist-ukrayiny-mitynhuvalnyky-vyyshly-z-kartonkamy-na-pidtrymku-fedorova,12.08,"Акції відбулися в Києві, Одесі, Миколаєві, Львові, Дніпрі, Запоріжжі, Рівному, Харкові та інших містах.",unknown,took place,relay,Спільнота підтримки Федорова; редакційна ретрансляція,1 Sep
Mykolaiv,Shelter,28-й день протестів: у більшості міст України мітингувальники вийшли з картонками на підтримку Федорова - shelter.in.ua,https://shelter.in.ua/polityka/28-y-den-protestiv-u-bilshosti-mist-ukrayiny-mitynhuvalnyky-vyyshly-z-kartonkamy-na-pidtrymku-fedorova,12.08,"Акції відбулися в Києві, Одесі, Миколаєві, Львові, Дніпрі, Запоріжжі, Рівному, Харкові та інших містах.",unknown,took place,relay,Спільнота підтримки Федорова; редакційна ретрансляція,1 Sep
Lviv,Shelter,28-й день протестів: у більшості міст України мітингувальники вийшли з картонками на підтримку Федорова - shelter.in.ua,https://shelter.in.ua/polityka/28-y-den-protestiv-u-bilshosti-mist-ukrayiny-mitynhuvalnyky-vyyshly-z-kartonkamy-na-pidtrymku-fedorova,12.08,"Акції відбулися в Києві, Одесі, Миколаєві, Львові, Дніпрі, Запоріжжі, Рівному, Харкові та інших містах.",unknown,took place,relay,Спільнота підтримки Федорова; редакційна ретрансляція,1 Sep
Dnipro,Shelter,28-й день протестів: у більшості міст України мітингувальники вийшли з картонками на підтримку Федорова - shelter.in.ua,https://shelter.in.ua/polityka/28-y-den-protestiv-u-bilshosti-mist-ukrayiny-mitynhuvalnyky-vyyshly-z-kartonkamy-na-pidtrymku-fedorova,12.08,"Акції відбулися в Києві, Одесі, Миколаєві, Львові, Дніпрі, Запоріжжі, Рівному, Харкові та інших містах.",unknown,took place,relay,Спільнота підтримки Федорова; редакційна ретрансляція,1 Sep
Zaporizhzhia,Shelter,28-й день протестів: у більшості міст України мітингувальники вийшли з картонками на підтримку Федорова - shelter.in.ua,https://shelter.in.ua/polityka/28-y-den-protestiv-u-bilshosti-mist-ukrayiny-mitynhuvalnyky-vyyshly-z-kartonkamy-na-pidtrymku-fedorova,12.08,"Акції відбулися в Києві, Одесі, Миколаєві, Львові, Дніпрі, Запоріжжі, Рівному, Харкові та інших містах.",unknown,took place,relay,Спільнота підтримки Федорова; редакційна ретрансляція,1 Sep
Rivne,Shelter,28-й день протестів: у більшості міст України мітингувальники вийшли з картонками на підтримку Федорова - shelter.in.ua,https://shelter.in.ua/polityka/28-y-den-protestiv-u-bilshosti-mist-ukrayiny-mitynhuvalnyky-vyyshly-z-kartonkamy-na-pidtrymku-fedorova,12.08,"Акції відбулися в Києві, Одесі, Миколаєві, Львові, Дніпрі, Запоріжжі, Рівному, Харкові та інших містах.",unknown,took place,relay,Спільнота підтримки Федорова; редакційна ретрансляція,1 Sep
Kharkiv,Shelter,28-й день протестів: у більшості міст України мітингувальники вийшли з картонками на підтримку Федорова - shelter.in.ua,https://shelter.in.ua/polityka/28-y-den-protestiv-u-bilshosti-mist-ukrayiny-mitynhuvalnyky-vyyshly-z-kartonkamy-na-pidtrymku-fedorova,12.08,"Акції відбулися в Києві, Одесі, Миколаєві, Львові, Дніпрі, Запоріжжі, Рівному, Харкові та інших містах.",unknown,took place,relay,Спільнота підтримки Федорова; редакційна ретрансляція,1 Sep
Kyiv,Shelter,"29-й день протестів: українці знову на площах своїх міст тримають ""картонки"" у підтримку Федорова - shelter.in.ua",https://shelter.in.ua/polityka/29-y-den-protestiv-ukrayintsi-znovu-na-ploshchakh-svoyikh-mist-trymaiut-kartonky-u-pidtrymku-fedorova,13.08,"Київ, Миколаїв, Одеса, Львів, Запоріжжя, Дніпро, Суми, Черкаси, Кам'янське, Харків: кожне місто у своєму вайбі демонструє єдність",unknown,took place,relay,Спільнота підтримки Федорова; редакційна ретрансляція,1 Sep
Mykolaiv,Shelter,"29-й день протестів: українці знову на площах своїх міст тримають ""картонки"" у підтримку Федорова - shelter.in.ua",https://shelter.in.ua/polityka/29-y-den-protestiv-ukrayintsi-znovu-na-ploshchakh-svoyikh-mist-trymaiut-kartonky-u-pidtrymku-fedorova,13.08,"Київ, Миколаїв, Одеса, Львів, Запоріжжя, Дніпро, Суми, Черкаси, Кам'янське, Харків: кожне місто у своєму вайбі демонструє єдність",unknown,took place,relay,Спільнота підтримки Федорова; редакційна ретрансляція,1 Sep
Odesa,Shelter,"29-й день протестів: українці знову на площах своїх міст тримають ""картонки"" у підтримку Федорова - shelter.in.ua",https://shelter.in.ua/polityka/29-y-den-protestiv-ukrayintsi-znovu-na-ploshchakh-svoyikh-mist-trymaiut-kartonky-u-pidtrymku-fedorova,13.08,"Київ, Миколаїв, Одеса, Львів, Запоріжжя, Дніпро, Суми, Черкаси, Кам'янське, Харків: кожне місто у своєму вайбі демонструє єдність",unknown,took place,relay,Спільнота підтримки Федорова; редакційна ретрансляція,1 Sep
Lviv,Shelter,"29-й день протестів: українці знову на площах своїх міст тримають ""картонки"" у підтримку Федорова - shelter.in.ua",https://shelter.in.ua/polityka/29-y-den-protestiv-ukrayintsi-znovu-na-ploshchakh-svoyikh-mist-trymaiut-kartonky-u-pidtrymku-fedorova,13.08,"Київ, Миколаїв, Одеса, Львів, Запоріжжя, Дніпро, Суми, Черкаси, Кам'янське, Харків: кожне місто у своєму вайбі демонструє єдність",unknown,took place,relay,Спільнота підтримки Федорова; редакційна ретрансляція,1 Sep
Zaporizhzhia,Shelter,"29-й день протестів: українці знову на площах своїх міст тримають ""картонки"" у підтримку Федорова - shelter.in.ua",https://shelter.in.ua/polityka/29-y-den-protestiv-ukrayintsi-znovu-na-ploshchakh-svoyikh-mist-trymaiut-kartonky-u-pidtrymku-fedorova,13.08,"Київ, Миколаїв, Одеса, Львів, Запоріжжя, Дніпро, Суми, Черкаси, Кам'янське, Харків: кожне місто у своєму вайбі демонструє єдність",unknown,took place,relay,Спільнота підтримки Федорова; редакційна ретрансляція,1 Sep
Dnipro,Shelter,"29-й день протестів: українці знову на площах своїх міст тримають ""картонки"" у підтримку Федорова - shelter.in.ua",https://shelter.in.ua/polityka/29-y-den-protestiv-ukrayintsi-znovu-na-ploshchakh-svoyikh-mist-trymaiut-kartonky-u-pidtrymku-fedorova,13.08,"Київ, Миколаїв, Одеса, Львів, Запоріжжя, Дніпро, Суми, Черкаси, Кам'янське, Харків: кожне місто у своєму вайбі демонструє єдність",unknown,took place,relay,Спільнота підтримки Федорова; редакційна ретрансляція,1 Sep
Sumy,Shelter,"29-й день протестів: українці знову на площах своїх міст тримають ""картонки"" у підтримку Федорова - shelter.in.ua",https://shelter.in.ua/polityka/29-y-den-protestiv-ukrayintsi-znovu-na-ploshchakh-svoyikh-mist-trymaiut-kartonky-u-pidtrymku-fedorova,13.08,"Київ, Миколаїв, Одеса, Львів, Запоріжжя, Дніпро, Суми, Черкаси, Кам'янське, Харків: кожне місто у своєму вайбі демонструє єдність",unknown,took place,relay,Спільнота підтримки Федорова; редакційна ретрансляція,1 Sep
Cherkasy,Shelter,"29-й день протестів: українці знову на площах своїх міст тримають ""картонки"" у підтримку Федорова - shelter.in.ua",https://shelter.in.ua/polityka/29-y-den-protestiv-ukrayintsi-znovu-na-ploshchakh-svoyikh-mist-trymaiut-kartonky-u-pidtrymku-fedorova,13.08,"Київ, Миколаїв, Одеса, Львів, Запоріжжя, Дніпро, Суми, Черкаси, Кам'янське, Харків: кожне місто у своєму вайбі демонструє єдність",unknown,took place,relay,Спільнота підтримки Федорова; редакційна ретрансляція,1 Sep
Kamianske,Shelter,"29-й день протестів: українці знову на площах своїх міст тримають ""картонки"" у підтримку Федорова - shelter.in.ua",https://shelter.in.ua/polityka/29-y-den-protestiv-ukrayintsi-znovu-na-ploshchakh-svoyikh-mist-trymaiut-kartonky-u-pidtrymku-fedorova,13.08,"Київ, Миколаїв, Одеса, Львів, Запоріжжя, Дніпро, Суми, Черкаси, Кам'янське, Харків: кожне місто у своєму вайбі демонструє єдність",unknown,took place,relay,Спільнота підтримки Федорова; редакційна ретрансляція,1 Sep
Kharkiv,Shelter,"29-й день протестів: українці знову на площах своїх міст тримають ""картонки"" у підтримку Федорова - shelter.in.ua",https://shelter.in.ua/polityka/29-y-den-protestiv-ukrayintsi-znovu-na-ploshchakh-svoyikh-mist-trymaiut-kartonky-u-pidtrymku-fedorova,13.08,"Київ, Миколаїв, Одеса, Львів, Запоріжжя, Дніпро, Суми, Черкаси, Кам'янське, Харків: кожне місто у своєму вайбі демонструє єдність",unknown,took place,relay,Спільнота підтримки Федорова; редакційна ретрансляція,1 Sep
Kyiv,Shelter,33-й день протестів проти відставки Федорова: акції тривають у містах України - shelter.in.ua,https://shelter.in.ua/polityka/33-y-den-protestiv-proty-vidstavky-fedorova-aktsiyi-tryvaiut-u-mistakh-ukrayiny,17.08,"Акції проходять на площах Києва, Сум, Кременчука, Одеси, Дніпра, Рівного, Миколаєва, Івано-Франківська, Запоріжжя, Львова та інших міст.",unknown,took place,relay,Спільнота підтримки Федорова; редакційна ретрансляція,1 Sep
Sumy,Shelter,33-й день протестів проти відставки Федорова: акції тривають у містах України - shelter.in.ua,https://shelter.in.ua/polityka/33-y-den-protestiv-proty-vidstavky-fedorova-aktsiyi-tryvaiut-u-mistakh-ukrayiny,17.08,"Акції проходять на площах Києва, Сум, Кременчука, Одеси, Дніпра, Рівного, Миколаєва, Івано-Франківська, Запоріжжя, Львова та інших міст.",unknown,took place,relay,Спільнота підтримки Федорова; редакційна ретрансляція,1 Sep
Kremenchuk,Shelter,33-й день протестів проти відставки Федорова: акції тривають у містах України - shelter.in.ua,https://shelter.in.ua/polityka/33-y-den-protestiv-proty-vidstavky-fedorova-aktsiyi-tryvaiut-u-mistakh-ukrayiny,17.08,"Акції проходять на площах Києва, Сум, Кременчука, Одеси, Дніпра, Рівного, Миколаєва, Івано-Франківська, Запоріжжя, Львова та інших міст.",unknown,took place,relay,Спільнота підтримки Федорова; редакційна ретрансляція,1 Sep
Odesa,Shelter,33-й день протестів проти відставки Федорова: акції тривають у містах України - shelter.in.ua,https://shelter.in.ua/polityka/33-y-den-protestiv-proty-vidstavky-fedorova-aktsiyi-tryvaiut-u-mistakh-ukrayiny,17.08,"Акції проходять на площах Києва, Сум, Кременчука, Одеси, Дніпра, Рівного, Миколаєва, Івано-Франківська, Запоріжжя, Львова та інших міст.",unknown,took place,relay,Спільнота підтримки Федорова; редакційна ретрансляція,1 Sep
Dnipro,Shelter,33-й день протестів проти відставки Федорова: акції тривають у містах України - shelter.in.ua,https://shelter.in.ua/polityka/33-y-den-protestiv-proty-vidstavky-fedorova-aktsiyi-tryvaiut-u-mistakh-ukrayiny,17.08,"Акції проходять на площах Києва, Сум, Кременчука, Одеси, Дніпра, Рівного, Миколаєва, Івано-Франківська, Запоріжжя, Львова та інших міст.",unknown,took place,relay,Спільнота підтримки Федорова; редакційна ретрансляція,1 Sep
Rivne,Shelter,33-й день протестів проти відставки Федорова: акції тривають у містах України - shelter.in.ua,https://shelter.in.ua/polityka/33-y-den-protestiv-proty-vidstavky-fedorova-aktsiyi-tryvaiut-u-mistakh-ukrayiny,17.08,"Акції проходять на площах Києва, Сум, Кременчука, Одеси, Дніпра, Рівного, Миколаєва, Івано-Франківська, Запоріжжя, Львова та інших міст.",unknown,took place,relay,Спільнота підтримки Федорова; редакційна ретрансляція,1 Sep
Mykolaiv,Shelter,33-й день протестів проти відставки Федорова: акції тривають у містах України - shelter.in.ua,https://shelter.in.ua/polityka/33-y-den-protestiv-proty-vidstavky-fedorova-aktsiyi-tryvaiut-u-mistakh-ukrayiny,17.08,"Акції проходять на площах Києва, Сум, Кременчука, Одеси, Дніпра, Рівного, Миколаєва, Івано-Франківська, Запоріжжя, Львова та інших міст.",unknown,took place,relay,Спільнота підтримки Федорова; редакційна ретрансляція,1 Sep
Ivano-Frankivsk,Shelter,33-й день протестів проти відставки Федорова: акції тривають у містах України - shelter.in.ua,https://shelter.in.ua/polityka/33-y-den-protestiv-proty-vidstavky-fedorova-aktsiyi-tryvaiut-u-mistakh-ukrayiny,17.08,"Акції проходять на площах Києва, Сум, Кременчука, Одеси, Дніпра, Рівного, Миколаєва, Івано-Франківська, Запоріжжя, Львова та інших міст.",unknown,took place,relay,Спільнота підтримки Федорова; редакційна ретрансляція,1 Sep
Zaporizhzhia,Shelter,33-й день протестів проти відставки Федорова: акції тривають у містах України - shelter.in.ua,https://shelter.in.ua/polityka/33-y-den-protestiv-proty-vidstavky-fedorova-aktsiyi-tryvaiut-u-mistakh-ukrayiny,17.08,"Акції проходять на площах Києва, Сум, Кременчука, Одеси, Дніпра, Рівного, Миколаєва, Івано-Франківська, Запоріжжя, Львова та інших міст.",unknown,took place,relay,Спільнота підтримки Федорова; редакційна ретрансляція,1 Sep
Lviv,Shelter,33-й день протестів проти відставки Федорова: акції тривають у містах України - shelter.in.ua,https://shelter.in.ua/polityka/33-y-den-protestiv-proty-vidstavky-fedorova-aktsiyi-tryvaiut-u-mistakh-ukrayiny,17.08,"Акції проходять на площах Києва, Сум, Кременчука, Одеси, Дніпра, Рівного, Миколаєва, Івано-Франківська, Запоріжжя, Львова та інших міст.",unknown,took place,relay,Спільнота підтримки Федорова; редакційна ретрансляція,1 Sep
Kyiv,Shelter,34-й день протестів на підтримку Федорова: 19 серпня планується акція біля Маріїнського палацу - shelter.in.ua,https://shelter.in.ua/polityka/34-y-den-protestiv-na-pidtrymku-fedorova-19-serpnia-planuyetsia-aktsiia-bilia-mariyinskoho-palatsu,18.08,"Акції з вимогами повернути Михайла Федорова на посаду міністра оборони проходять у Києві, Львові, Харкові, Житомирі, Одесі, Дніпрі, Івано-Франківську, Сумах та інших містах України.",unknown,took place,relay,Спільнота підтримки Федорова; редакційна ретрансляція,1 Sep
Lviv,Shelter,34-й день протестів на підтримку Федорова: 19 серпня планується акція біля Маріїнського палацу - shelter.in.ua,https://shelter.in.ua/polityka/34-y-den-protestiv-na-pidtrymku-fedorova-19-serpnia-planuyetsia-aktsiia-bilia-mariyinskoho-palatsu,18.08,"Акції з вимогами повернути Михайла Федорова на посаду міністра оборони проходять у Києві, Львові, Харкові, Житомирі, Одесі, Дніпрі, Івано-Франківську, Сумах та інших містах України.",unknown,took place,relay,Спільнота підтримки Федорова; редакційна ретрансляція,1 Sep
Kharkiv,Shelter,34-й день протестів на підтримку Федорова: 19 серпня планується акція біля Маріїнського палацу - shelter.in.ua,https://shelter.in.ua/polityka/34-y-den-protestiv-na-pidtrymku-fedorova-19-serpnia-planuyetsia-aktsiia-bilia-mariyinskoho-palatsu,18.08,"Акції з вимогами повернути Михайла Федорова на посаду міністра оборони проходять у Києві, Львові, Харкові, Житомирі, Одесі, Дніпрі, Івано-Франківську, Сумах та інших містах України.",unknown,took place,relay,Спільнота підтримки Федорова; редакційна ретрансляція,1 Sep
Zhytomyr,Shelter,34-й день протестів на підтримку Федорова: 19 серпня планується акція біля Маріїнського палацу - shelter.in.ua,https://shelter.in.ua/polityka/34-y-den-protestiv-na-pidtrymku-fedorova-19-serpnia-planuyetsia-aktsiia-bilia-mariyinskoho-palatsu,18.08,"Акції з вимогами повернути Михайла Федорова на посаду міністра оборони проходять у Києві, Львові, Харкові, Житомирі, Одесі, Дніпрі, Івано-Франківську, Сумах та інших містах України.",unknown,took place,relay,Спільнота підтримки Федорова; редакційна ретрансляція,1 Sep
Odesa,Shelter,34-й день протестів на підтримку Федорова: 19 серпня планується акція біля Маріїнського палацу - shelter.in.ua,https://shelter.in.ua/polityka/34-y-den-protestiv-na-pidtrymku-fedorova-19-serpnia-planuyetsia-aktsiia-bilia-mariyinskoho-palatsu,18.08,"Акції з вимогами повернути Михайла Федорова на посаду міністра оборони проходять у Києві, Львові, Харкові, Житомирі, Одесі, Дніпрі, Івано-Франківську, Сумах та інших містах України.",unknown,took place,relay,Спільнота підтримки Федорова; редакційна ретрансляція,1 Sep
Dnipro,Shelter,34-й день протестів на підтримку Федорова: 19 серпня планується акція біля Маріїнського палацу - shelter.in.ua,https://shelter.in.ua/polityka/34-y-den-protestiv-na-pidtrymku-fedorova-19-serpnia-planuyetsia-aktsiia-bilia-mariyinskoho-palatsu,18.08,"Акції з вимогами повернути Михайла Федорова на посаду міністра оборони проходять у Києві, Львові, Харкові, Житомирі, Одесі, Дніпрі, Івано-Франківську, Сумах та інших містах України.",unknown,took place,relay,Спільнота підтримки Федорова; редакційна ретрансляція,1 Sep
Ivano-Frankivsk,Shelter,34-й день протестів на підтримку Федорова: 19 серпня планується акція біля Маріїнського палацу - shelter.in.ua,https://shelter.in.ua/polityka/34-y-den-protestiv-na-pidtrymku-fedorova-19-serpnia-planuyetsia-aktsiia-bilia-mariyinskoho-palatsu,18.08,"Акції з вимогами повернути Михайла Федорова на посаду міністра оборони проходять у Києві, Львові, Харкові, Житомирі, Одесі, Дніпрі, Івано-Франківську, Сумах та інших містах України.",unknown,took place,relay,Спільнота підтримки Федорова; редакційна ретрансляція,1 Sep
Sumy,Shelter,34-й день протестів на підтримку Федорова: 19 серпня планується акція біля Маріїнського палацу - shelter.in.ua,https://shelter.in.ua/polityka/34-y-den-protestiv-na-pidtrymku-fedorova-19-serpnia-planuyetsia-aktsiia-bilia-mariyinskoho-palatsu,18.08,"Акції з вимогами повернути Михайла Федорова на посаду міністра оборони проходять у Києві, Львові, Харкові, Житомирі, Одесі, Дніпрі, Івано-Франківську, Сумах та інших містах України.",unknown,took place,relay,Спільнота підтримки Федорова; редакційна ретрансляція,1 Sep
Kyiv,Shelter,35-й день протестів на підтримку Федорова: акції відбулися навіть після призначення Хмари - shelter.in.ua,https://shelter.in.ua/polityka/35-y-den-protestiv-na-pidtrymku-fedorova-aktsiyi-vidbulysia-navit-pislia-pryznachennia-khmary,19.08,"За інформацією організаторів, заходи відбуваються, зокрема, у Києві, Харкові та Сумах.",unknown,took place,relay,Спільнота підтримки Федорова; редакційна ретрансляція,1 Sep
Kharkiv,Shelter,35-й день протестів на підтримку Федорова: акції відбулися навіть після призначення Хмари - shelter.in.ua,https://shelter.in.ua/polityka/35-y-den-protestiv-na-pidtrymku-fedorova-aktsiyi-vidbulysia-navit-pislia-pryznachennia-khmary,19.08,"За інформацією організаторів, заходи відбуваються, зокрема, у Києві, Харкові та Сумах.",unknown,took place,relay,Спільнота підтримки Федорова; редакційна ретрансляція,1 Sep
Kyiv,DW,У Києві поновилися протести на підтримку Федорова,https://www.dw.com/uk/kartonkovi-protesti-v-kievi-vimogi-povernuti-fedorova-ta-kritika-umerova/a-78377289,14.08,"Близько трьох сотень людей відгукнулися на заклик, поширений у соцмережах, й знову зібралися на площі Франка у центрі столиці України.",100–999,took place,own correspondent,кореспондент DW з місця події,1 Sep
Kyiv,Gazeta.ua,У Києві та регіонах пройшли акції на підтримку Федорова,https://gazeta.ua/articles/politics/_u-kiyevi-ta-regionah-lyudi-vijshli-na-akciyi-na-pidtrimku-eksministra-oboroni-fedorova/1256655,14.08,У Києві ввечері 14 серпня близько 500 людей зібралися на площі Івана Франка біля Офісу президента.,100–999,took place,relay,редакційне зведення; атрибуція Суспільному та Українській правді,1 Sep
Kyiv,Цензор.НЕТ,Сотні людей вийшли на протест за повернення Федорова у Києві. ВІДЕО+ФОТОрепортаж,https://censor.net/ua/news/4018485/na-ploschi-franka-u-kyyevi-lyudy-znovu-zibralysya-na-protest-za-fedorova,14.08,14 серпня у Києві на площі Івана Франка сотні людей зібралися на мирну акцію з вимогою повернути Михайла Федорова на посаду міністра оборони України.,100–999,took place,own correspondent,кореспондентка Цензор.НЕТ з місця події,1 Sep
Kyiv,Суспільне | Новини,У Києві проходить акція на підтримку Федорова: активісти збирають вимоги до Офісу президента,https://suspilne.media/1379402-u-kievi-prohodit-akcia-na-pidtrimku-fedorova-aktivisti-zbiraut-vimogi-do-ofisu-prezidenta,14.08,У Києві на площі Івана Франка 14 серпня зібралися до сотні людей на мирну акцію на підтримку Федорова.,100–999,took place,own correspondent,кореспондент Суспільного з місця події,1 Sep
Ivano-Frankivsk,Суспільне | Новини,У Франківську втретє відбулася хода на підтримку ексміністра оборони Федорова,https://suspilne.media/ivano-frankivsk/1379198-u-frankivsku-vtrete-vidbulasa-hoda-na-pidtrimku-eksministra-oboroni-fedorova,14.08,Увечері 14 серпня в Івано-Франківську втретє пройшла хода на підтримку ексміністра оборони Михайла Федорова.,unknown,took place,own correspondent,кореспондент Суспільного Івано-Франківськ з місця події,1 Sep
Kyiv,Суспільне | Новини,У Києві та регіонах триває протестна хода через звільнення Михайла Федорова з Міноборони,https://suspilne.media/1380396-u-kievi-protestna-hoda-cerez-zvilnenna-mihajla-fedorova-z-minoboroni,16.08,На протестну ходу вийшло близько тисячі людей.,1000–4999,took place,own correspondent,кореспонденти регіональних редакцій Суспільного,1 Sep
Dnipro,Суспільне | Новини,У Києві та регіонах триває протестна хода через звільнення Михайла Федорова з Міноборони,https://suspilne.media/1380396-u-kievi-protestna-hoda-cerez-zvilnenna-mihajla-fedorova-z-minoboroni,16.08,У Дніпрі 16 серпня відбулася хода на підтримку колишнього міністра оборони Михайла Федорова.,unknown,took place,own correspondent,кореспонденти регіональних редакцій Суспільного,1 Sep
Cherkasy,Суспільне | Новини,У Києві та регіонах триває протестна хода через звільнення Михайла Федорова з Міноборони,https://suspilne.media/1380396-u-kievi-protestna-hoda-cerez-zvilnenna-mihajla-fedorova-z-minoboroni,16.08,У Черкасах 16 серпня вкотре відбулася протестна хода проти звільнення Михайла Федорова з посади міністра оборони.,unknown,took place,own correspondent,кореспонденти регіональних редакцій Суспільного,1 Sep
Ivano-Frankivsk,Суспільне | Новини,У Києві та регіонах триває протестна хода через звільнення Михайла Федорова з Міноборони,https://suspilne.media/1380396-u-kievi-protestna-hoda-cerez-zvilnenna-mihajla-fedorova-z-minoboroni,16.08,Увечері 16 серпня в Івано-Франківську вчетверте пройшла хода на підтримку ексміністра оборони Михайла Федорова.,unknown,took place,own correspondent,кореспонденти регіональних редакцій Суспільного,1 Sep
Dnipro,Суспільне | Новини,У Дніпрі жителі долучилися до протестної ходи на підтримку Федорова,https://suspilne.media/dnipro/1380326-u-dnipri-ziteli-dolucilisa-do-protestnoi-hodi-na-pidtrimku-fedorova,16.08,У Дніпрі 16 серпня відбулась хода на підтримку колишнього міністра оборони Михайла Федорова.,unknown,took place,own correspondent,кореспондент Суспільного Дніпро з місця події,1 Sep
Mykolaiv,Суспільне | Новини,Протестна хода «Поверніть Федорова» відбулась у Миколаєві,https://suspilne.media/mykolaiv/1380416-protestna-hoda-povernit-fedorova-vidbulas-u-mikolaevi,16.08,У центрі Миколаєва відбулася протестна хода «Поверніть Федорова».,unknown,took place,own correspondent,кореспонденти Суспільного Миколаїв з місця події,1 Sep
Cherkasy,Суспільне | Новини,«Почуйте народ України»: у Черкасах містяни пройшли протестною ходою за повернення Федорова,https://suspilne.media/cherkasy/1380398-pocujte-narod-ukraini-u-cerkasah-mistani-projsli-protestnou-hodou-za-povernenna-fedorova,16.08,У Черкасах 16 серпня вкотре відбулася протестна хода проти звільнення Михайла Федорова з посади міністра оборони.,unknown,took place,own correspondent,кореспондентка Суспільного Черкаси з місця події,1 Sep
Ivano-Frankivsk,Суспільне | Новини,У Франківську вчетверте відбулася хода на підтримку ексміністра оборони Федорова,https://suspilne.media/ivano-frankivsk/1379734-u-frankivsku-vcetverte-vidbulasa-hoda-na-pidtrimku-eksministra-oboroni-fedorova,16.08,Увечері 16 серпня в Івано-Франківську вчетверте пройшла хода на підтримку ексміністра оборони Михайла Федорова.,unknown,took place,own correspondent,кореспондент Суспільного Івано-Франківськ з місця події,1 Sep
Kyiv,OBOZ.UA,"""Федоров – так"" У містах України 32-й день поспіль тривають мітинги з картонками. Фото і відео - Obozrevatel",https://www.obozrevatel.com/ukr/novosti-obschestvo/fedorov-tak-u-mistah-ukraini-32-j-den-pospil-trivayut-mitingi-z-kartonkami-foto-i-video.htm,16.08,У Києві тисячі людей вийшли на протестну ходу.,1000–4999,took place,relay,редакційне зведення за місцевими повідомленнями,1 Sep
Odesa,OBOZ.UA,"""Федоров – так"" У містах України 32-й день поспіль тривають мітинги з картонками. Фото і відео - Obozrevatel",https://www.obozrevatel.com/ukr/novosti-obschestvo/fedorov-tak-u-mistah-ukraini-32-j-den-pospil-trivayut-mitingi-z-kartonkami-foto-i-video.htm,16.08,Загалом до протесту долучилися понад 50 людей.,<100,took place,relay,редакційне зведення за місцевими повідомленнями,1 Sep
Zaporizhzhia,OBOZ.UA,"""Федоров – так"" У містах України 32-й день поспіль тривають мітинги з картонками. Фото і відео - Obozrevatel",https://www.obozrevatel.com/ukr/novosti-obschestvo/fedorov-tak-u-mistah-ukraini-32-j-den-pospil-trivayut-mitingi-z-kartonkami-foto-i-video.htm,16.08,До акції долучилося близько 80 людей.,<100,took place,relay,редакційне зведення за місцевими повідомленнями,1 Sep
Ivano-Frankivsk,Інформатор Івано-Франківськ,"«Ми дотиснемо, бо нам тут жити»: у Франківську триває 33 день мітингу на підтримку Федорова - if.informator.ua",https://if.informator.ua/2026/08/17/my-dotysnemo-bo-nam-tut-zhyty-u-frankivsku-tryvaye-33-den-mityngu-na-pidtrymku-fedorova,17.08,"Сьогодні, 17 серпня, в Івано-Франківську триває тридцять третій день акції на підтримку ексміністра оборони Михайла Федорова.",unknown,took place,own correspondent,кореспондент місцевого видання з місця події,1 Sep
Cherkasy,Суспільне | Новини,«Я тут заради змін»: у Черкасах відбувся мітинг на підтримку Михайла Федорова,https://suspilne.media/cherkasy/1381456-a-tut-zaradi-zmin-u-cerkasah-vidbuvsa-miting-na-pidtrimku-mihajla-fedorova,18.08,"За словами учасниці акції пані Людмили, акції в Черкасах на підтримку Федорова тривають вже місяць: «Сьогодні ми зібралися, тому що вже місяць у нас немає міністра оборони, президент вчора не висунув жодної кандидатури.",unknown,took place,own correspondent,кореспондент Суспільного Черкаси з місця події,1 Sep
Kremenchuk,Кременчуцький Телеграф,«Нам була потрібна комунікація»: у Кременчуці знову вийшли на акцію на підтримку Федорова,https://www.telegraf.in.ua/kremenchug/nam-bula-potribna-komunikacziya-u-kremenchuczi-znovu-vyjshly-na-akcziyu-na-pidtrymku-fedorova.html,18.08,18 серпня у Кременчуці знову відбулася акція на підтримку колишнього міністра оборони Михайла Федорова.,unknown,took place,own correspondent,кореспонденти місцевого видання з місця події,1 Sep
Kyiv,UA.NEWS,Біля Ради в Києві мітинг за повернення Федорова зібрав близько 20 людей,https://ua.news/ua/ukraine/bilia-radi-v-kiievi-miting-za-povernennia-fedorova-zibrav-blizko-20-liudei,18.08,На мітинг на вулиці Грушевського зібралися близько 20 людей.,<100,took place,relay,"Інтерфакс-Україна, кореспондент з місця події",1 Sep
Kyiv,OBOZ.UA,"""Ганьба"": в містах України 34-й день поспіль тривають мітинги за повернення Федорова. Фото, відео - Obozrevatel",https://www.obozrevatel.com/ukr/novosti-obschestvo/ganba-v-mistah-ukraini-34-j-den-pospil-trivayut-mitingi-za-povernennya-fedorova-foto-video.htm,18.08,"За даними кореспондента ""Інтерфакс-Україна"", у Маріїнському парку на узбіччі вулиці Грушевського перебувало не більше трьох десятків мітингувальників.",<100,took place,relay,Інтерфакс-Україна та місцеві повідомлення,1 Sep
Kropyvnytskyi,OBOZ.UA,"""Ганьба"": в містах України 34-й день поспіль тривають мітинги за повернення Федорова. Фото, відео - Obozrevatel",https://www.obozrevatel.com/ukr/novosti-obschestvo/ganba-v-mistah-ukraini-34-j-den-pospil-trivayut-mitingi-za-povernennya-fedorova-foto-video.htm,18.08,Акції у Кропивницькому 18 серпня на площі Героїв Майдану в Кропивницькому знову відбувся мітинг за повернення Михайла Федорова на посаду міністра оборони України.,unknown,took place,relay,Інтерфакс-Україна та місцеві повідомлення,1 Sep
Ivano-Frankivsk,Інформатор Івано-Франківськ,"«Федоров — міністр оборони, а Хмара — в СБУ»: у Франківську триває 34-й день мітингів - if.informator.ua",https://if.informator.ua/2026/08/18/fedorov-ministr-oborony-a-hmara-v-sbu-u-frankivsku-tryvaye-34-j-den-mityngiv,18.08,"Нагадуємо, починаючи з 16 липня в Івано-Франківську проходили акції на підтримку Михайла Федорова, який раніше обіймав посаду міністра оборони України.",unknown,took place,own correspondent,кореспондент місцевого видання з місця події,1 Sep
Kyiv,Цензор.НЕТ,"«Федорова — в МО, Хмару — в СБУ»: мітинг під Радою завершено",https://censor.net/ua/news/4019118/pid-radoyu-prohodyt-mityng-na-pidtrymku-myhayila-fedorova,19.08,"За її словами, на акції протесту були присутні близько сотні людей.",100–999,took place,own correspondent,кореспондентка Цензор.НЕТ з місця події,1 Sep
Rivne,Суспільне | Новини,"Люди, які ходили на акції на підтримку Михайла Федорова, востаннє зібралися у Рівному",https://suspilne.media/rivne/1383012-ludi-aki-hodili-na-akcii-na-pidtrimku-mihajla-fedorova-zibralisa-vostanne-u-rivnomu,19.08,"Люди, які упродовж місяця приходили на мирні акції на підтримку Михайла Федорова у Рівному, 19 серпня зібралися востаннє.",unknown,took place,own correspondent,кореспондент Суспільного Рівне з місця події,1 Sep
Ivano-Frankivsk,Суспільне | Новини,У Франківську люди протестують проти відставки ексміністра оборони Федорова,https://suspilne.media/ivano-frankivsk/1382230-sluga-narodu-sluzi-narodu-v-ivano-frankivsku-ludi-protestuut-proti-zvilnenna-ministra-oboroni-fedorova,19.08,"Зранку 19 серпня біля адмінбудинку на вулиці Михайла Грушевського в Івано-Франківську зібралися люди на акцію протесту проти звільнення міністра оборони Михайла Федорова, повідомила кореспондентка Суспільного з місця події.",unknown,took place,own correspondent,кореспондент Суспільного Івано-Франківськ з місця події,1 Sep
Ivano-Frankivsk,Інформатор Івано-Франківськ,«Президент обрав позицію не чути народ»: у Франківську відбувся мітинг після призначення Євгенія Хмари міністром оборони - if.informator.ua,https://if.informator.ua/2026/08/19/prezydent-obrav-pozycziyu-ne-chuty-narod-u-frankivsku-vidbuvsya-mityng-pislya-pryznachennya-yevgeniya-hmary-ministrom-oborony,19.08,Увечері 19 серпня в Івано-Франківську мітингувальники вдруге зібралися поблизу адмінбудівлі — цього разу після призначення міністром оборони Євгенія Хмари.,unknown,took place,own correspondent,кореспондент місцевого видання з місця події,1 Sep
Kyiv,Ґрати,Триста голосів нардепів за кандидата від президента та сотня протестувальників під Радою. Яким був останній мітинг за Федорова,https://graty.me/trista-golosiv-nardepiv-za-kandidata-vid-prezidenta-ta-sotnya-protestuvalnikiv-pid-radoyu-yakim-buv-ostannij-miting-za-fedorova,21.08 (подія 19.08),Між Маріїнським парком та готелем «Київ» зібралося близько сотні людей.,100–999,took place,own correspondent,репортаж кореспондента з місця події,1 Sep
Kyiv,Радіо Свобода,"Козятинський подякував всім, хто виходив на протест через відставку Федорова: «все було не дарма»",https://www.radiosvoboda.org/a/news-kozyatynskyy-zayava-protesty-fedorov-vybory/33833857.html,19.08,«Тепер це вже точно початок політичної гри» У Києві та інших містах України з 16 липня продовжувалися протести через звільнення Федорова.,unknown,took place,relay,заява співорганізатора Дмитра Козятинського,1 Sep
Kyiv,DW,На третій день «картонкових протестів» у Києві — тисячі людей,https://www.dw.com/uk/na-tretij-den-kartonkovih-protestiv-u-kievi-tisaci-ludej-vimagali-vidstavki-sirskogo/a-78021397,18.07,Тисячі людей вийшли на площу біля театру імені Івана Франка у центрі Києва.,1000–4999,took place,own correspondent,кореспондент DW з місця події,1 Sep
Kyiv,LB.ua,У Києві та інших містах України третій день тривають протести проти відставки Федорова,https://lb.ua/society/2026/07/18/752900_kiievi_inshih_mistah_ukrayini.html,18.07,Станом на 20:00 у столиці зібралося близько тисячі людей.,1000–4999,took place,relay,ретрансляція Суспільного,1 Sep
Kharkiv,Накипіло,У Харкові тривають протести на підтримку Михайла Федорова,https://nakypilo.ua/novyny/u-kharkovi-tryvaiut-protesty-na-pidtrymku-mykhaila-fedorova/,18.07,На площі Свободи зібралося декілька сотень людей.,100–999,took place,own correspondent,репортаж і фото Накипіло з місця події,1 Sep
Kyiv,Хвиля,На площі Франка в Києві зібралося 10 тисяч людей на підтримку міністра оборони та проти корупції,https://hvilya.net/news/na-ploshchi-franka-v-kyyevi-zibralosya-10-tysyach-lyudei-na-pidtrymku-ministra-oborony-ta-proty-koruptsiyi-585,19.07 (подія 18.07),На площі Івана Франка в Києві зібралося близько 10 тисяч людей.,5000+,took place,not stated,джерело оцінки не вказано; суперечлива верхня оцінка,1 Sep
Kyiv,Корреспондент.net,Повернути Федорова: в Україні 20-ий день тривають протести,https://ua.korrespondent.net/ukraine/4900053-povernuty-fedorova-v-ukraini-20-yi-den-tryvauit-protesty,"04.08, 23:52","Видання Новини.LIVE пише, що у столиці, попри сильний дощ та тривогу перед театром імені Івана Франка протестували близько 100–120 людей.",100–999,took place,relay,ретрансляція Новини.LIVE,1 Sep
Lviv,Корреспондент.net,Повернути Федорова: в Україні 20-ий день тривають протести,https://ua.korrespondent.net/ukraine/4900053-povernuty-fedorova-v-ukraini-20-yi-den-tryvauit-protesty,"04.08, 23:52","У вівторок, 4 серпня протестувальники з картонками вийшли на вулиці у Києві, Львові, Одесі, Черкасах, Дніпрі, Івано-Франківську, Рівному, Харкові, Тернополі та в інших містах.",unknown,took place,relay,редакційне зведення; кадри Сергія Стерненка,1 Sep
Odesa,Корреспондент.net,Повернути Федорова: в Україні 20-ий день тривають протести,https://ua.korrespondent.net/ukraine/4900053-povernuty-fedorova-v-ukraini-20-yi-den-tryvauit-protesty,"04.08, 23:52","У вівторок, 4 серпня протестувальники з картонками вийшли на вулиці у Києві, Львові, Одесі, Черкасах, Дніпрі, Івано-Франківську, Рівному, Харкові, Тернополі та в інших містах.",unknown,took place,relay,редакційне зведення; кадри Сергія Стерненка,1 Sep
Cherkasy,Корреспондент.net,Повернути Федорова: в Україні 20-ий день тривають протести,https://ua.korrespondent.net/ukraine/4900053-povernuty-fedorova-v-ukraini-20-yi-den-tryvauit-protesty,"04.08, 23:52","У вівторок, 4 серпня протестувальники з картонками вийшли на вулиці у Києві, Львові, Одесі, Черкасах, Дніпрі, Івано-Франківську, Рівному, Харкові, Тернополі та в інших містах.",unknown,took place,relay,редакційне зведення; кадри Сергія Стерненка,1 Sep
Dnipro,Корреспондент.net,Повернути Федорова: в Україні 20-ий день тривають протести,https://ua.korrespondent.net/ukraine/4900053-povernuty-fedorova-v-ukraini-20-yi-den-tryvauit-protesty,"04.08, 23:52","У вівторок, 4 серпня протестувальники з картонками вийшли на вулиці у Києві, Львові, Одесі, Черкасах, Дніпрі, Івано-Франківську, Рівному, Харкові, Тернополі та в інших містах.",unknown,took place,relay,редакційне зведення; кадри Сергія Стерненка,1 Sep
Ivano-Frankivsk,Корреспондент.net,Повернути Федорова: в Україні 20-ий день тривають протести,https://ua.korrespondent.net/ukraine/4900053-povernuty-fedorova-v-ukraini-20-yi-den-tryvauit-protesty,"04.08, 23:52","У вівторок, 4 серпня протестувальники з картонками вийшли на вулиці у Києві, Львові, Одесі, Черкасах, Дніпрі, Івано-Франківську, Рівному, Харкові, Тернополі та в інших містах.",unknown,took place,relay,редакційне зведення; кадри Сергія Стерненка,1 Sep
Rivne,Корреспондент.net,Повернути Федорова: в Україні 20-ий день тривають протести,https://ua.korrespondent.net/ukraine/4900053-povernuty-fedorova-v-ukraini-20-yi-den-tryvauit-protesty,"04.08, 23:52","У вівторок, 4 серпня протестувальники з картонками вийшли на вулиці у Києві, Львові, Одесі, Черкасах, Дніпрі, Івано-Франківську, Рівному, Харкові, Тернополі та в інших містах.",unknown,took place,relay,редакційне зведення; кадри Сергія Стерненка,1 Sep
Kharkiv,Корреспондент.net,Повернути Федорова: в Україні 20-ий день тривають протести,https://ua.korrespondent.net/ukraine/4900053-povernuty-fedorova-v-ukraini-20-yi-den-tryvauit-protesty,"04.08, 23:52","У вівторок, 4 серпня протестувальники з картонками вийшли на вулиці у Києві, Львові, Одесі, Черкасах, Дніпрі, Івано-Франківську, Рівному, Харкові, Тернополі та в інших містах.",unknown,took place,relay,редакційне зведення; кадри Сергія Стерненка,1 Sep
Ternopil,Корреспондент.net,Повернути Федорова: в Україні 20-ий день тривають протести,https://ua.korrespondent.net/ukraine/4900053-povernuty-fedorova-v-ukraini-20-yi-den-tryvauit-protesty,"04.08, 23:52","У вівторок, 4 серпня протестувальники з картонками вийшли на вулиці у Києві, Львові, Одесі, Черкасах, Дніпрі, Івано-Франківську, Рівному, Харкові, Тернополі та в інших містах.",unknown,took place,relay,редакційне зведення; кадри Сергія Стерненка,1 Sep
Kyiv,Громадське радіо,Організатор «картонкових протестів» не підтримав ідею Федорова про вибори й натякнув на завершення акцій,https://hromadske.radio/news/2026/08/19/orhanizator-kartonkovykh-protestiv-ne-pidtrymav-ideiu-fedorova-pro-vybory-y-natiaknuv-na-zavershennia-aktsiy,19.08,Загалом до театру Івана Франка ввечері 19 серпня прийшло близько 30 людей.,<100,took place,own correspondent,вечірній репортаж кореспондентки Громадського радіо,1 Sep
